age,Medu,Fedu,traveltime,studytime,failures,famrel,freetime,goout,Dalc,Walc,health,absences,school_MS,sex_M,address_U,famsize_LE3,Pstatus_T,Mjob_health,Mjob_other,Mjob_services,Mjob_teacher,Fjob_health,Fjob_other,Fjob_services,Fjob_teacher,reason_home,reason_other,reason_reputation,guardian_mother,guardian_other,schoolsup_yes,famsup_yes,paid_yes,activities_yes,nursery_yes,higher_yes,internet_yes,romantic_yes,subject_portuguese,parent_edu_avg,total_alcohol,has_support
18,4,4,2,2,0,4,3,4,1,1,3,6,0,0,1,0,0,0,0,0,0,0,0,0,1,0,0,0,1,0,1,0,0,0,1,1,0,0,0,4.0,2,1
17,1,1,1,2,0,5,3,3,1,1,3,4,0,0,1,0,1,0,0,0,0,0,1,0,0,0,0,0,0,0,0,1,0,0,0,1,1,0,0,1.0,2,1
15,1,1,1,2,3,4,3,2,2,3,3,10,0,0,1,1,1,0,0,0,0,0,1,0,0,0,1,0,1,0,1,0,1,0,1,1,1,0,0,1.0,5,1
15,4,2,1,3,0,3,2,2,1,1,5,2,0,0,1,0,1,1,0,0,0,0,0,1,0,1,0,0,1,0,0,1,1,1,1,1,1,1,0,3.0,2,1
16,3,3,1,2,0,4,3,2,1,2,5,4,0,0,1,0,1,0,1,0,0,0,1,0,0,1,0,0,0,0,0,1,1,0,1,1,0,0,0,3.0,3,1
16,4,3,1,2,0,5,4,2,1,2,5,10,0,1,1,1,1,0,0,1,0,0,1,0,0,0,0,1,1,0,0,1,1,1,1,1,1,0,0,3.5,3,1
16,2,2,1,2,0,4,4,4,1,1,3,0,0,1,1,1,1,0,1,0,0,0,1,0,0,1,0,0,1,0,0,0,0,0,1,1,1,0,0,2.0,2,0
17,4,4,2,2,0,4,1,4,1,1,1,6,0,0,1,0,0,0,1,0,0,0,0,0,1,1,0,0,1,0,1,1,0,0,1,1,0,0,0,4.0,2,1
15,3,2,1,2,0,4,2,2,1,1,1,0,0,1,1,1,0,0,0,1,0,0,1,0,0,1,0,0,1,0,0,1,1,0,1,1,1,0,0,2.5,2,1
15,3,4,1,2,0,5,5,1,1,1,5,0,0,1,1,0,1,0,1,0,0,0,1,0,0,1,0,0,1,0,0,1,1,1,1,1,1,0,0,3.5,2,1
15,4,4,1,2,0,3,3,3,1,2,2,0,0,0,1,0,1,0,0,0,1,1,0,0,0,0,0,1,1,0,0,1,1,0,1,1,1,0,0,4.0,3,1
15,2,1,3,3,0,5,2,2,1,1,4,4,0,0,1,0,1,0,0,1,0,0,1,0,0,0,0,1,0,0,0,1,0,1,1,1,1,0,0,1.5,2,1
15,4,4,1,1,0,4,3,3,1,3,5,2,0,1,1,1,1,1,0,0,0,0,0,1,0,0,0,0,0,0,0,1,1,1,1,1,1,0,0,4.0,4,1
15,4,3,2,2,0,5,4,3,1,2,3,2,0,1,1,0,1,0,0,0,1,0,1,0,0,0,0,0,1,0,0,1,1,0,1,1,1,0,0,3.5,3,1
15,2,2,1,3,0,4,5,2,1,1,3,0,0,1,1,0,0,0,1,0,0,0,1,0,0,1,0,0,0,1,0,1,0,0,1,1,1,1,0,2.0,2,1
16,4,4,1,1,0,4,4,4,1,2,2,4,0,0,1,0,1,1,0,0,0,0,1,0,0,1,0,0,1,0,0,1,0,0,1,1,1,0,0,4.0,3,1
16,4,4,1,3,0,3,2,3,1,2,2,6,0,0,1,0,1,0,0,1,0,0,0,1,0,0,0,1,1,0,0,1,1,1,1,1,1,0,0,4.0,3,1
16,3,3,3,2,0,5,3,2,1,1,4,4,0,0,1,0,1,0,1,0,0,0,1,0,0,0,0,1,1,0,1,1,0,1,1,1,0,0,0,3.0,2,1
17,3,2,1,1,3,5,5,5,2,4,5,16,0,1,1,0,1,0,0,1,0,0,0,1,0,0,0,0,1,0,0,1,0,1,1,1,1,0,0,2.5,6,1
16,4,3,1,1,0,3,1,3,1,3,5,4,0,1,1,1,1,1,0,0,0,0,1,0,0,1,0,0,0,0,0,0,1,1,1,1,1,0,0,3.5,4,1
15,4,3,1,2,0,4,4,1,1,1,1,0,0,1,1,0,1,0,0,0,1,0,1,0,0,0,0,1,1,0,0,0,0,0,1,1,1,0,0,3.5,2,0
15,4,4,1,1,0,5,4,2,1,1,5,0,0,1,1,0,1,1,0,0,0,1,0,0,0,0,1,0,0,0,0,1,1,0,1,1,1,0,0,4.0,2,1
16,4,2,1,2,0,4,5,1,1,3,5,2,0,1,1,1,1,0,0,0,1,0,1,0,0,0,0,0,1,0,0,0,0,1,1,1,1,0,0,3.0,4,0
16,2,2,2,2,0,5,4,4,2,4,5,0,0,1,1,1,1,0,1,0,0,0,1,0,0,0,0,1,1,0,0,1,0,1,1,1,1,0,0,2.0,6,1
15,2,4,1,3,0,4,3,2,1,1,5,2,0,0,0,0,1,0,0,1,0,1,0,0,0,0,0,0,1,0,1,1,1,1,1,1,1,0,0,3.0,2,1
16,2,2,1,1,2,1,2,2,1,3,5,14,0,0,1,0,1,0,0,1,0,0,0,1,0,1,0,0,1,0,0,1,1,0,0,1,1,0,0,2.0,4,1
15,2,2,1,1,0,4,2,2,1,2,5,2,0,1,1,0,1,0,1,0,0,0,1,0,0,1,0,0,1,0,0,1,1,0,1,1,1,0,0,2.0,3,1
15,4,2,1,1,0,2,2,4,2,4,1,4,0,1,1,0,1,1,0,0,0,0,0,1,0,0,1,0,1,0,0,0,1,0,1,1,1,0,0,3.0,6,1
16,3,4,1,2,0,5,3,3,1,1,5,4,0,1,1,1,0,0,0,1,0,0,1,0,0,1,0,0,1,0,1,1,0,1,1,1,1,0,0,3.5,2,1
16,4,4,1,2,0,4,4,5,5,5,5,16,0,1,1,0,1,0,0,0,1,0,0,0,1,1,0,0,1,0,0,1,1,1,1,1,1,1,0,4.0,10,1
15,4,4,1,2,0,5,4,2,3,4,5,0,0,1,1,0,1,1,0,0,0,0,0,1,0,1,0,0,1,0,0,1,1,0,0,1,1,0,0,4.0,7,1
15,4,4,2,2,0,4,3,1,1,1,5,0,0,1,1,0,1,0,0,1,0,0,0,1,0,0,0,1,1,0,0,1,0,1,1,1,1,0,0,4.0,2,1
15,4,3,1,2,0,4,5,2,1,1,5,0,0,1,0,0,1,0,0,0,1,0,0,0,0,0,0,0,1,0,0,1,0,1,1,1,1,1,0,3.5,2,1
15,3,3,1,2,0,5,3,2,1,1,2,0,0,1,1,1,1,0,1,0,0,0,1,0,0,0,0,0,1,0,0,0,0,1,0,1,1,0,0,3.0,2,0
16,3,2,1,1,0,5,4,3,1,1,5,0,0,1,1,0,1,0,1,0,0,0,1,0,0,1,0,0,1,0,0,1,1,0,0,1,1,0,0,2.5,2,1
15,2,3,2,1,0,3,5,1,1,1,5,0,0,0,1,0,1,0,1,0,0,0,1,0,0,0,1,0,0,0,0,1,0,1,1,1,0,0,0,2.5,2,1
15,4,3,1,3,0,5,4,3,1,1,4,2,0,1,1,1,1,0,0,0,1,0,0,1,0,1,0,0,1,0,0,1,0,1,1,1,1,0,0,3.5,2,1
16,4,4,2,3,0,2,4,3,1,1,5,7,0,1,0,0,0,0,1,0,0,0,0,0,1,0,0,1,1,0,0,1,0,1,1,1,1,1,0,4.0,2,1
15,3,4,1,3,0,4,3,2,1,1,5,2,0,0,0,0,1,0,0,1,0,1,0,0,0,0,0,0,1,0,1,1,1,1,1,1,1,0,0,3.5,2,1
15,2,2,1,1,0,4,3,1,1,1,2,8,0,0,0,0,1,0,0,0,0,0,1,0,0,0,0,1,1,0,1,1,1,1,1,1,0,0,0,2.0,2,1
16,2,2,2,2,1,3,3,3,1,2,3,25,0,0,1,1,1,0,1,0,0,0,1,0,0,1,0,0,1,0,0,1,0,1,0,1,1,1,0,2.0,3,1
15,4,4,1,1,0,5,4,3,2,4,5,8,0,1,1,1,1,0,0,0,1,0,1,0,0,1,0,0,0,1,0,1,0,0,0,1,1,1,0,4.0,6,1
15,4,4,1,2,0,4,3,3,1,1,5,2,0,1,1,0,1,0,0,1,0,0,0,0,1,0,0,0,0,0,0,1,0,1,1,1,1,0,0,4.0,2,1
15,2,2,1,1,0,5,4,1,1,1,1,0,0,1,1,0,1,0,0,1,0,0,0,1,0,0,0,0,0,0,1,1,0,0,1,1,1,0,0,2.0,2,1
16,2,2,2,2,1,4,3,3,2,2,5,14,0,0,1,1,1,0,1,0,0,0,0,0,0,0,0,0,0,0,1,0,0,1,1,1,1,0,0,2.0,4,1
15,4,3,1,2,0,5,2,2,1,1,5,8,0,0,1,1,0,0,1,0,0,0,1,0,0,0,0,0,1,0,1,1,1,1,1,1,1,1,0,3.5,2,1
16,3,3,1,2,0,2,3,5,1,4,3,12,0,0,1,1,0,0,1,0,0,0,0,1,0,1,0,0,1,0,0,1,0,0,1,1,1,0,0,3.0,5,1
16,4,3,1,4,0,4,2,2,1,1,2,4,0,1,1,0,1,1,0,0,0,0,0,1,0,0,0,1,1,0,0,0,0,1,1,1,1,0,0,3.5,2,0
15,4,2,1,2,0,4,3,3,2,2,5,2,0,1,1,0,1,0,0,0,1,0,1,0,0,1,0,0,1,0,0,1,1,0,1,1,0,0,0,3.0,4,1
15,4,4,1,2,1,4,4,4,1,1,3,2,0,0,1,0,1,0,0,1,0,0,0,0,1,0,1,0,0,0,1,1,0,1,0,1,1,0,0,4.0,2,1
16,2,2,3,2,0,4,3,3,2,3,4,2,0,0,1,1,1,0,0,1,0,0,0,1,0,0,0,0,1,0,0,1,1,0,1,1,1,0,0,2.0,5,1
15,4,2,1,2,0,4,3,3,1,1,5,2,0,0,1,1,1,1,0,0,0,0,1,0,0,0,1,0,1,0,0,1,1,0,1,1,1,0,0,3.0,2,1
15,4,2,2,1,1,5,5,5,3,4,5,6,0,1,1,1,0,1,0,0,0,1,0,0,0,0,1,0,0,0,0,0,0,0,1,1,0,0,0,3.0,7,0
15,4,4,1,1,0,3,3,4,2,3,5,0,0,0,1,0,1,0,0,1,0,0,0,1,0,0,0,0,1,0,1,1,1,0,1,1,1,0,0,4.0,5,1
15,3,3,1,1,0,5,3,4,4,4,1,6,0,0,1,1,0,0,1,0,0,0,1,0,0,0,1,0,1,0,0,0,1,0,1,1,1,0,0,3.0,8,1
16,2,1,1,2,0,5,3,4,1,1,2,8,0,0,1,0,0,0,1,0,0,0,1,0,0,0,1,0,1,0,0,0,1,1,1,1,1,1,0,1.5,2,1
15,4,3,1,2,0,4,3,2,1,1,1,0,0,0,1,0,0,0,0,1,0,0,0,1,0,0,0,1,1,0,0,1,1,1,1,1,1,0,0,3.5,2,1
15,4,4,1,2,0,3,2,2,1,1,5,4,0,1,1,0,1,0,0,0,1,1,0,0,0,0,0,1,1,0,0,1,0,1,1,1,0,0,0,4.0,2,1
15,1,2,1,2,0,4,3,2,1,1,5,2,0,1,1,1,1,0,1,0,0,0,0,0,0,1,0,0,0,0,1,1,0,1,1,1,1,0,0,1.5,2,1
16,4,2,1,2,0,4,2,3,1,1,5,2,0,0,1,0,1,0,0,1,0,0,1,0,0,0,0,0,1,0,0,1,0,0,1,1,1,0,0,3.0,2,1
16,4,4,1,2,0,2,4,4,2,3,4,6,0,0,0,0,1,1,0,0,0,0,0,0,1,0,1,0,1,0,0,1,0,1,1,1,0,0,0,4.0,5,1
16,1,1,4,1,0,5,5,5,5,5,5,6,0,0,1,0,1,0,0,1,0,0,0,1,0,0,0,0,0,0,1,1,0,1,0,1,1,1,0,1.0,10,1
16,1,2,1,2,0,4,4,3,1,1,1,4,0,0,1,1,1,0,1,0,0,0,0,1,0,0,0,1,0,0,1,0,0,1,1,1,1,0,0,1.5,2,1
16,4,3,1,3,0,3,4,4,2,4,4,2,0,0,1,0,1,0,0,0,1,1,0,0,0,1,0,0,1,0,1,1,1,1,1,1,1,0,0,3.5,6,1
15,4,3,1,2,0,4,4,4,2,4,2,0,0,0,1,1,1,0,0,1,0,0,0,1,0,0,0,1,0,0,1,0,0,1,1,1,1,1,0,3.5,6,1
16,4,3,3,2,0,5,4,3,1,2,1,2,0,0,1,1,1,0,0,0,1,0,0,1,0,0,0,0,1,0,0,1,0,1,1,1,1,0,0,3.5,3,1
15,4,4,1,4,0,1,3,3,5,5,3,4,0,1,1,0,0,0,1,0,0,0,0,1,0,0,0,1,1,0,0,1,0,1,0,1,1,1,0,4.0,10,1
16,3,1,1,4,0,4,3,3,1,2,5,4,0,0,1,0,1,0,0,1,0,0,1,0,0,0,0,0,1,0,1,1,1,0,1,1,1,0,0,2.0,3,1
15,2,2,2,2,0,4,1,3,1,3,4,2,0,0,0,1,1,1,0,0,0,0,0,1,0,0,0,1,1,0,1,1,1,0,1,1,1,0,0,2.0,4,1
15,3,1,2,4,0,4,4,2,2,3,3,12,0,0,0,1,1,0,1,0,0,0,1,0,0,0,0,1,0,0,0,1,0,0,0,1,1,0,0,2.0,5,1
16,3,1,2,4,0,4,3,2,1,1,5,0,0,1,1,0,1,0,1,0,0,0,1,0,0,0,0,1,0,0,0,1,1,0,1,1,1,0,0,2.0,2,1
15,4,2,1,4,0,3,3,3,1,1,3,0,0,1,1,0,1,0,1,0,0,0,1,0,0,0,0,0,1,0,0,0,0,0,1,1,1,0,0,3.0,2,0
15,1,1,1,2,2,3,3,4,2,4,5,2,0,0,0,0,1,0,1,0,0,0,1,0,0,0,0,1,1,0,1,1,0,0,0,1,1,1,0,1.0,6,1
16,3,1,1,1,0,5,3,2,2,2,5,2,0,1,1,0,1,0,1,0,0,0,1,0,0,0,0,1,1,0,0,0,0,1,1,1,0,0,0,2.0,4,0
16,3,3,1,2,0,4,3,3,2,4,5,54,0,0,1,0,1,0,1,0,0,0,0,1,0,1,0,0,1,0,1,1,1,1,1,1,1,0,0,3.0,6,1
15,4,3,1,2,0,4,3,3,2,3,5,6,0,1,1,0,1,0,0,0,1,0,1,0,0,1,0,0,1,0,0,1,1,1,1,1,1,0,0,3.5,5,1
15,4,0,2,4,0,3,4,3,1,1,1,8,0,1,1,0,1,0,0,0,1,0,1,0,0,0,0,0,1,0,0,0,0,1,1,1,1,0,0,2.0,2,0
16,2,2,1,4,0,5,2,3,1,3,3,0,0,0,1,0,1,0,1,0,0,0,1,0,0,0,0,1,1,0,0,0,1,0,1,1,1,1,0,2.0,4,1
17,2,1,2,1,3,4,5,1,1,1,3,2,0,1,1,0,1,0,1,0,0,0,1,0,0,1,0,0,1,0,1,1,0,1,1,0,1,0,0,1.5,2,1
16,3,4,1,2,0,2,4,3,1,2,3,12,0,0,1,0,1,0,0,0,0,0,1,0,0,0,0,0,1,0,0,1,0,0,1,1,1,0,0,3.5,3,1
15,2,3,1,1,0,3,2,2,1,3,3,2,0,1,1,0,1,0,1,0,0,0,0,1,0,0,0,0,0,0,1,1,1,1,0,1,1,1,0,2.5,4,1
15,2,3,1,3,0,5,3,2,1,2,5,4,0,1,1,0,1,0,1,0,0,0,1,0,0,1,0,0,1,0,1,0,1,0,0,1,1,0,0,2.5,3,1
15,3,2,1,2,0,4,4,4,1,1,5,10,0,0,1,1,1,0,0,1,0,0,1,0,0,0,0,1,1,0,0,1,1,0,1,1,1,0,0,2.5,2,1
15,2,2,2,2,0,5,3,3,1,3,4,4,0,1,1,1,1,0,0,1,0,0,0,1,0,1,0,0,1,0,0,0,1,1,1,1,1,0,0,2.0,4,1
15,1,1,1,2,0,4,3,2,2,3,4,2,0,0,1,0,1,0,1,0,0,0,1,0,0,1,0,0,0,0,0,1,0,1,0,1,1,0,0,1.0,5,1
15,4,4,2,2,2,4,4,4,2,3,5,6,0,0,1,0,1,0,0,1,0,0,0,1,0,0,0,1,0,0,0,0,1,0,1,1,1,1,0,4.0,5,1
16,2,2,1,2,0,4,3,4,1,2,2,4,0,0,1,1,1,0,0,0,0,0,1,0,0,0,0,0,1,0,0,1,0,0,1,1,0,0,0,2.0,3,1
15,4,2,1,3,0,5,3,3,1,3,1,4,0,0,1,0,1,0,1,0,0,0,1,0,0,0,0,1,1,0,0,1,0,1,1,1,1,0,0,3.0,4,1
16,2,2,2,2,1,4,4,2,1,1,3,12,0,1,1,0,1,0,0,1,0,0,1,0,0,0,0,1,0,0,0,0,1,1,0,1,1,0,0,2.0,2,1
16,4,4,1,2,0,4,1,3,3,5,5,18,0,1,1,1,0,0,0,0,1,1,0,0,0,0,0,1,1,0,0,1,0,0,1,1,0,0,0,4.0,8,1
16,3,3,1,3,0,4,3,3,1,3,4,0,0,0,1,0,1,0,1,0,0,0,1,0,0,1,0,0,1,0,0,1,1,0,1,1,1,1,0,3.0,4,1
15,4,3,1,1,0,4,5,5,1,3,1,4,0,0,1,0,1,0,0,1,0,0,1,0,0,0,0,1,1,0,0,0,1,1,1,1,1,0,0,3.5,4,1
16,3,1,1,2,0,3,3,3,2,3,2,4,0,0,1,1,1,0,1,0,0,0,1,0,0,1,0,0,0,0,1,1,0,0,1,1,0,0,0,2.0,5,1
16,4,2,2,2,0,5,3,3,1,1,1,0,0,0,1,0,1,0,0,0,1,0,0,1,0,1,0,0,1,0,0,1,1,1,1,1,1,0,0,3.0,2,1
15,2,2,1,4,0,4,3,4,1,1,4,6,0,1,1,1,1,0,0,1,0,1,0,0,0,0,0,1,1,0,0,1,0,1,1,1,1,0,0,2.0,2,1
15,1,1,2,4,1,3,1,2,1,1,1,2,0,0,0,0,1,0,0,0,0,0,1,0,0,1,0,0,1,0,1,1,1,1,1,1,1,0,0,1.0,2,1
16,4,3,2,1,0,3,3,3,1,1,4,2,0,1,0,0,1,0,0,1,0,0,1,0,0,0,0,1,1,0,1,1,0,1,0,1,1,0,0,3.5,2,1
16,2,1,1,2,0,4,3,5,1,1,5,2,0,0,1,0,1,0,1,0,0,0,1,0,0,0,0,0,1,0,0,1,1,0,1,1,0,1,0,1.5,2,1
16,4,4,1,1,0,5,3,4,1,2,1,6,0,0,1,0,1,0,1,0,0,0,1,0,0,0,0,1,1,0,0,0,0,1,0,1,1,0,0,4.0,3,0
16,4,3,1,3,0,5,3,5,1,1,3,0,0,0,1,0,1,0,1,0,0,0,0,0,0,0,0,0,1,0,1,1,1,0,1,1,1,0,0,3.5,2,1
16,4,4,1,1,0,4,5,5,5,5,4,14,0,1,1,0,1,0,0,1,0,0,0,1,0,0,1,0,1,0,1,1,1,1,1,1,1,0,0,4.0,10,1
16,4,4,1,3,0,4,4,3,1,1,4,0,0,1,1,0,1,0,0,1,0,0,0,0,1,0,1,0,0,0,0,1,0,1,1,1,1,1,0,4.0,2,1
15,4,4,1,1,0,5,3,3,1,1,5,4,0,1,1,0,1,0,0,1,0,0,1,0,0,0,0,0,1,0,0,1,0,1,0,1,1,0,0,4.0,2,1
15,3,2,2,2,0,4,3,5,1,1,2,26,0,0,1,0,1,0,0,1,0,0,1,0,0,1,0,0,1,0,1,1,1,0,1,1,1,0,0,2.5,2,1
15,3,4,1,2,0,5,4,4,1,1,1,0,0,1,1,0,0,0,0,1,0,0,1,0,0,0,0,0,1,0,0,1,1,1,1,1,1,0,0,3.5,2,1
15,3,3,1,4,0,4,3,3,1,1,4,10,0,0,1,0,0,0,1,0,0,1,0,0,0,0,0,1,0,0,1,0,0,0,1,1,0,0,0,3.0,2,1
15,2,2,1,4,0,5,1,2,1,1,3,8,0,0,1,0,1,0,1,0,0,0,1,0,0,0,0,0,1,0,1,1,1,0,1,1,1,0,0,2.0,2,1
16,3,3,1,3,0,5,3,3,1,1,5,2,0,1,1,0,1,0,0,1,0,0,1,0,0,1,0,0,0,0,0,1,0,1,1,1,1,0,0,3.0,2,1
15,4,4,4,4,0,1,3,5,3,5,1,6,0,1,0,0,1,0,1,0,0,0,1,0,0,1,0,0,0,0,0,1,1,1,1,1,1,1,0,4.0,8,1
16,4,4,1,3,0,5,4,5,1,1,4,4,0,0,1,1,1,1,0,0,0,1,0,0,0,0,1,0,1,0,0,1,1,1,1,1,1,1,0,4.0,2,1
15,4,4,1,1,0,5,5,3,1,1,4,6,0,1,1,1,0,0,0,0,1,0,0,0,1,0,0,0,1,0,0,0,0,1,1,1,1,0,0,4.0,2,0
16,3,3,1,3,1,4,1,2,1,1,2,0,0,0,0,0,1,0,0,1,0,0,1,0,0,0,0,1,0,0,1,1,0,1,1,1,1,0,0,3.0,2,1
16,2,2,1,2,1,3,1,2,1,1,5,6,0,0,1,0,1,0,0,0,0,0,1,0,0,1,0,0,1,0,1,0,0,1,1,1,1,0,0,2.0,2,1
15,4,2,1,1,0,3,5,2,1,1,3,10,0,1,1,1,1,0,0,0,1,0,1,0,0,0,0,0,1,0,0,0,0,0,1,1,1,0,0,3.0,2,0
15,2,1,1,2,0,5,4,2,1,1,5,8,0,1,0,0,1,1,0,0,0,0,0,1,0,0,0,1,1,0,0,0,0,1,1,1,1,1,0,1.5,2,0
16,4,4,1,2,0,5,4,4,1,2,5,2,0,1,1,0,1,0,0,0,1,0,0,0,1,0,0,0,0,0,0,1,0,1,1,1,1,0,0,4.0,3,1
15,4,4,2,2,0,4,4,3,1,1,2,2,0,1,1,0,1,0,1,0,0,0,0,0,1,0,0,1,0,0,0,1,0,1,1,1,0,0,0,4.0,2,1
16,3,3,2,1,0,5,4,2,1,1,5,0,0,1,1,0,1,0,1,0,0,0,0,1,0,1,0,0,0,0,0,0,0,1,1,1,1,0,0,3.0,2,0
17,1,3,3,2,1,5,2,4,1,4,5,20,0,1,0,0,1,0,1,0,0,0,1,0,0,0,0,0,0,0,0,1,0,1,1,1,1,0,0,2.0,5,1
15,3,4,1,1,0,3,4,3,1,2,4,6,0,1,1,0,1,0,1,0,0,0,1,0,0,0,0,1,0,0,0,0,0,0,1,1,1,0,0,3.5,3,0
15,1,2,1,2,0,3,2,3,1,2,1,2,0,0,1,0,1,0,0,0,0,0,0,1,0,0,0,0,1,0,0,0,0,0,0,1,1,0,0,1.5,3,0
15,2,2,1,4,0,5,5,4,1,2,5,6,0,1,1,0,1,0,0,1,0,0,0,1,0,1,0,0,0,0,0,1,1,1,1,1,1,0,0,2.0,3,1
16,2,4,2,2,0,4,2,2,1,2,5,2,0,0,1,1,1,0,1,0,0,1,0,0,0,0,0,0,0,0,0,1,1,1,1,1,1,1,0,3.0,3,1
16,4,4,1,1,0,3,4,4,1,4,5,18,0,1,1,0,1,1,0,0,0,0,1,0,0,0,0,0,1,0,0,1,0,1,1,1,1,0,0,4.0,5,1
16,2,2,1,2,0,5,4,4,1,1,5,0,0,0,1,0,1,0,1,0,0,0,1,0,0,1,0,0,1,0,0,0,1,0,1,1,1,1,0,2.0,2,1
15,3,4,1,1,0,5,5,5,3,2,5,0,0,1,1,0,1,0,0,1,0,0,0,1,0,1,0,0,0,0,1,0,0,0,1,1,1,0,0,3.5,5,1
15,3,4,1,2,0,5,3,2,1,1,1,0,0,0,1,1,0,0,1,0,0,0,1,0,0,1,0,0,1,0,1,0,0,1,1,1,1,1,0,3.5,2,1
19,0,1,1,2,3,3,4,2,1,1,5,2,0,0,1,0,1,0,0,0,0,0,1,0,0,0,0,0,0,1,0,1,0,0,0,0,0,0,0,0.5,2,1
18,2,2,1,1,2,3,3,3,1,2,4,0,0,1,0,0,1,0,0,1,0,0,1,0,0,0,0,1,1,0,0,1,0,1,1,1,1,0,0,2.0,3,1
16,4,4,1,1,0,3,5,5,2,5,4,8,0,1,0,0,1,0,0,0,1,0,0,0,1,0,0,0,1,0,0,0,1,1,1,1,1,0,0,4.0,7,1
15,3,4,2,3,2,4,2,2,2,2,5,0,0,0,0,0,1,0,0,1,0,0,0,0,1,0,0,0,0,0,0,1,0,0,1,1,1,1,0,3.5,4,1
15,1,1,3,1,0,4,3,3,1,2,4,0,0,0,1,0,1,0,0,0,0,0,1,0,0,0,0,0,1,0,0,1,0,1,0,1,1,1,0,1.0,3,1
17,2,2,1,1,0,3,4,4,1,3,5,12,0,0,1,1,1,0,1,0,0,0,1,0,0,0,0,0,0,0,0,1,0,0,1,1,1,1,0,2.0,4,1
16,3,4,1,1,0,3,2,1,1,4,5,16,0,0,1,0,0,0,0,1,0,0,1,0,0,0,0,0,0,0,0,0,0,0,1,1,1,0,0,3.5,5,0
15,3,4,4,2,0,5,3,3,1,1,5,0,0,1,0,0,1,0,0,0,0,0,0,0,1,0,0,0,1,0,0,1,0,0,1,1,0,1,0,3.5,2,1
15,4,4,1,3,0,4,3,3,1,1,5,0,0,0,1,0,1,0,0,1,0,0,0,0,0,0,0,0,1,0,0,1,0,1,1,1,1,1,0,4.0,2,1
17,3,4,3,2,0,5,4,5,2,4,5,0,0,1,0,0,1,0,0,0,0,0,1,0,0,0,0,0,1,0,0,0,0,0,1,1,0,0,0,3.5,6,0
16,3,3,2,1,2,4,3,2,1,1,5,0,0,0,1,0,0,0,1,0,0,0,1,0,0,0,0,0,0,1,0,1,0,1,0,1,1,1,0,3.0,2,1
16,1,1,1,2,1,4,4,4,1,3,5,0,0,1,1,1,1,0,0,1,0,0,1,0,0,0,0,0,1,0,0,0,0,0,1,1,0,1,0,1.0,4,0
15,4,4,2,1,0,4,3,2,1,1,5,0,0,0,1,0,1,0,0,0,1,0,0,0,1,0,0,0,1,0,0,0,0,1,1,1,1,0,0,4.0,2,0
15,4,3,2,4,0,2,2,2,1,1,3,0,0,1,1,0,1,0,0,0,1,0,0,1,0,0,0,0,0,0,1,1,0,0,1,1,1,0,0,3.5,2,1
16,2,2,2,1,2,2,3,3,2,2,2,8,0,1,1,1,1,0,0,1,0,0,0,1,0,0,0,1,0,0,0,1,0,1,1,1,1,0,0,2.0,4,1
15,4,4,1,3,0,4,2,2,1,1,5,2,0,0,1,0,1,0,0,0,1,0,0,1,0,0,0,0,1,0,0,1,1,1,1,1,1,0,0,4.0,2,1
16,1,1,1,1,0,3,4,4,3,3,1,2,0,0,1,1,1,0,0,0,0,0,0,0,0,0,0,0,1,0,0,0,0,0,1,1,1,0,0,1.0,6,0
17,2,1,1,1,3,5,4,5,1,2,5,0,0,1,1,0,1,0,1,0,0,0,1,0,0,1,0,0,1,0,0,1,0,0,1,1,1,0,0,1.5,3,1
15,1,1,1,2,0,4,4,2,1,2,5,0,0,0,1,0,1,0,1,0,0,0,0,1,0,0,0,0,0,0,0,1,1,0,1,1,1,0,0,1.0,3,1
15,3,2,1,2,3,3,3,2,1,1,3,0,0,0,1,0,1,1,0,0,0,0,0,1,0,1,0,0,0,0,0,1,0,0,1,1,1,0,0,2.5,2,1
15,1,2,1,2,0,4,3,2,1,1,5,2,0,0,1,0,1,0,0,0,0,0,1,0,0,0,0,0,1,0,0,1,1,0,0,1,1,0,0,1.5,2,1
16,4,4,1,1,0,3,3,2,2,1,5,0,0,1,1,0,1,0,0,0,1,0,0,0,1,0,0,0,1,0,0,1,0,0,1,0,1,1,0,4.0,3,1
15,2,1,4,1,3,4,5,5,2,5,5,0,0,1,1,1,0,0,0,1,0,0,1,0,0,0,0,0,1,0,0,0,0,0,1,1,1,0,0,1.5,7,0
18,1,1,1,1,3,2,3,5,2,5,4,0,0,1,1,1,1,0,1,0,0,0,1,0,0,0,0,0,1,0,0,0,0,0,1,0,1,1,0,1.0,7,0
16,2,1,1,1,1,4,4,4,3,5,5,6,0,1,1,1,1,0,0,0,0,0,1,0,0,0,0,0,1,0,0,0,0,1,1,1,0,1,0,1.5,8,0
15,3,3,2,3,2,4,2,1,2,3,3,8,0,0,0,0,1,0,0,1,0,0,0,1,0,0,0,1,0,1,0,1,1,1,1,1,1,1,0,3.0,5,1
19,3,2,1,1,3,4,5,4,1,1,4,0,0,1,1,0,1,0,0,1,0,0,0,0,0,1,0,0,1,0,0,1,0,0,1,0,1,1,0,2.5,2,1
17,4,4,1,1,0,4,2,1,1,1,4,0,0,0,1,0,1,0,1,0,0,0,0,0,1,0,0,0,1,0,1,1,0,0,1,1,0,1,0,4.0,2,1
15,2,3,1,2,0,4,4,4,1,1,1,2,0,1,0,0,1,0,0,0,0,0,0,1,0,0,0,0,1,0,1,0,1,1,1,1,0,0,0,2.5,2,1
17,1,2,1,1,0,2,2,2,3,3,5,8,0,1,0,1,1,0,1,0,0,0,1,0,0,0,0,1,1,0,0,0,0,0,1,1,0,0,0,1.5,6,0
18,1,1,3,1,3,5,2,5,1,5,4,6,0,0,0,0,1,0,0,0,0,0,1,0,0,0,0,0,1,0,0,1,0,1,0,1,0,0,0,1.0,6,1
16,2,2,3,1,0,4,2,2,1,2,3,2,0,1,0,0,1,0,0,0,0,0,1,0,0,0,0,0,1,0,0,0,0,0,0,1,0,0,0,2.0,3,0
16,3,3,1,2,1,4,5,5,4,4,5,4,0,1,1,0,1,0,1,0,0,0,0,1,0,0,0,0,0,0,0,1,1,0,1,1,1,1,0,3.0,8,1
17,2,1,2,1,2,3,3,2,2,2,5,0,0,1,0,1,1,0,0,0,0,0,1,0,0,0,0,0,1,0,0,0,0,1,1,0,1,1,0,1.5,4,0
15,3,2,2,2,2,4,4,4,1,4,3,6,0,1,0,0,1,0,1,0,0,0,1,0,0,0,0,0,1,0,1,1,0,0,1,1,1,1,0,2.5,5,1
16,1,2,2,1,1,4,4,4,2,4,5,0,0,1,1,1,1,0,1,0,0,0,1,0,0,0,0,0,1,0,0,0,0,1,1,1,0,0,0,1.5,6,0
17,1,3,1,1,0,5,3,3,1,4,2,2,0,1,1,0,1,0,0,0,0,0,0,1,0,0,0,0,0,0,0,0,0,0,1,0,1,0,0,2.0,5,0
17,1,1,4,2,3,5,3,5,1,5,5,0,0,1,0,1,1,0,1,0,0,0,0,1,0,0,0,0,1,0,0,0,0,1,1,0,0,1,0,1.0,6,0
16,3,2,2,1,1,4,5,2,1,1,2,16,0,1,1,0,1,0,0,1,0,0,0,1,0,0,0,0,1,0,0,1,0,1,0,0,0,0,0,2.5,2,1
16,2,2,1,2,0,4,3,5,2,4,4,4,0,1,1,0,1,0,1,0,0,0,1,0,0,0,0,0,0,0,0,0,0,0,1,0,1,0,0,2.0,6,0
16,4,2,1,2,0,4,2,3,1,1,3,0,0,0,1,0,1,1,0,0,0,0,0,1,0,1,0,0,0,0,0,0,1,0,1,1,1,1,0,3.0,2,1
16,2,2,1,2,0,5,1,5,1,1,4,0,0,0,1,0,1,0,1,0,0,0,1,0,0,1,0,0,1,0,0,1,1,0,0,1,1,0,0,2.0,2,1
16,4,4,1,2,0,4,4,2,1,1,3,0,0,0,1,0,1,1,0,0,0,1,0,0,0,0,0,1,1,0,0,1,1,0,1,1,1,1,0,4.0,2,1
16,3,4,3,1,2,3,4,5,2,4,2,0,0,1,1,0,1,0,1,0,0,0,1,0,0,0,0,0,0,0,0,1,0,1,0,1,1,0,0,3.5,6,1
16,1,0,2,2,0,4,3,2,1,1,3,2,0,1,1,0,1,0,1,0,0,0,1,0,0,0,0,1,1,0,0,1,1,1,1,1,1,1,0,0.5,2,1
17,4,4,1,2,0,4,4,4,1,3,5,0,0,1,1,1,1,0,0,0,1,0,1,0,0,0,0,1,1,0,0,1,1,1,1,1,1,0,0,4.0,4,1
16,1,3,1,2,3,4,3,5,1,1,3,0,0,0,1,0,1,0,0,0,0,0,0,1,0,1,0,0,1,0,0,0,0,1,0,1,1,1,0,2.0,2,0
16,3,3,2,2,0,4,4,5,1,1,4,4,0,0,1,1,1,0,1,0,0,0,1,0,0,0,0,1,1,0,0,1,1,1,1,1,1,0,0,3.0,2,1
17,4,3,2,2,0,4,4,4,4,4,4,4,0,1,1,1,1,0,0,0,1,0,1,0,0,0,0,0,1,0,0,0,1,1,1,1,1,0,0,3.5,8,1
16,2,2,2,2,0,3,4,4,1,4,5,2,0,0,1,0,1,0,0,1,0,0,1,0,0,0,0,1,1,0,0,0,1,1,0,1,1,0,0,2.0,5,1
17,3,3,1,2,0,4,3,4,1,4,4,4,0,1,1,0,1,0,1,0,0,0,1,0,0,0,0,1,0,0,0,0,0,1,0,1,1,0,0,3.0,5,0
16,4,2,1,1,0,4,3,3,3,4,3,10,0,1,0,0,1,0,0,0,1,0,0,1,0,0,1,0,1,0,0,1,0,1,1,1,1,1,0,3.0,7,1
17,4,3,1,2,0,5,2,3,1,1,2,4,0,1,1,0,1,0,1,0,0,0,1,0,0,0,0,0,1,0,0,1,0,1,1,1,1,1,0,3.5,2,1
16,4,3,1,2,0,3,4,3,2,3,3,10,0,1,1,0,1,0,0,0,1,0,1,0,0,1,0,0,1,0,0,1,1,1,1,1,1,0,0,3.5,5,1
16,3,3,1,2,0,4,2,3,1,2,3,2,0,1,1,0,1,0,0,1,0,0,1,0,0,1,0,0,1,0,0,0,1,1,1,1,1,1,0,3.0,3,1
17,2,4,1,2,0,5,4,2,2,3,5,0,0,0,1,0,1,0,0,1,0,0,0,1,0,0,0,1,0,0,0,1,0,1,1,1,0,0,0,3.0,5,1
17,3,3,1,2,0,5,3,3,2,3,1,56,0,0,1,1,1,0,1,0,0,0,1,0,0,0,0,1,1,0,0,1,0,1,1,1,1,1,0,3.0,5,1
16,3,2,1,2,0,1,2,2,1,2,1,14,0,0,1,0,1,0,1,0,0,0,1,0,0,0,0,1,1,0,0,1,1,0,1,1,1,0,0,2.5,3,1
17,3,3,1,2,0,4,3,4,2,3,4,12,0,1,1,0,1,0,0,1,0,0,0,1,0,0,1,0,1,0,0,1,0,1,1,1,1,1,0,3.0,5,1
16,1,2,1,1,0,3,3,3,1,2,3,2,0,1,1,0,1,0,0,1,0,0,0,1,0,0,1,0,1,0,0,1,1,1,1,1,1,1,0,1.5,3,1
16,2,1,1,2,0,4,2,3,1,2,5,0,0,1,1,1,1,0,1,0,0,0,1,0,0,0,0,0,1,0,0,0,1,1,1,1,1,1,0,1.5,3,1
17,3,3,1,2,0,3,3,3,1,3,3,6,0,0,1,0,0,1,0,0,0,0,1,0,0,0,0,1,1,0,0,1,0,0,0,1,1,1,0,3.0,4,1
17,1,2,1,2,0,3,1,3,1,5,3,4,0,1,0,0,1,0,0,0,0,0,1,0,0,1,0,0,1,0,0,0,0,0,1,1,0,0,0,1.5,6,0
16,2,3,1,2,0,4,3,3,1,1,2,10,0,0,1,0,1,0,0,1,0,0,0,1,0,0,0,0,1,0,0,0,0,0,1,1,1,0,0,2.5,2,0
17,1,1,1,2,0,5,3,3,1,1,3,0,0,0,1,0,1,0,0,0,0,0,0,1,0,0,0,0,1,0,0,0,0,1,1,1,1,0,0,1.0,2,0
17,1,2,2,2,0,4,4,4,4,5,5,12,0,1,1,0,1,0,0,0,0,0,0,1,0,0,1,0,0,1,0,0,1,1,0,1,1,0,0,1.5,9,1
16,3,3,1,1,0,4,3,2,3,4,5,8,0,1,0,0,1,0,0,1,0,0,0,1,0,0,0,1,1,0,0,1,0,1,1,1,1,0,0,3.0,7,1
16,2,3,2,1,0,5,3,3,1,1,3,0,0,1,1,0,1,0,1,0,0,0,1,0,0,1,0,0,0,0,0,0,0,0,1,1,1,0,0,2.5,2,0
17,2,4,1,2,0,4,3,2,1,1,5,0,0,0,1,1,1,0,0,1,0,0,0,1,0,0,0,0,0,0,0,0,0,1,1,1,1,1,0,3.0,2,0
17,4,4,1,1,0,5,2,3,1,2,5,4,0,1,1,0,1,0,0,1,0,0,0,0,1,1,0,0,1,0,0,0,0,0,1,1,1,0,0,4.0,3,0
16,3,3,3,1,0,3,3,4,3,5,3,8,0,1,0,1,1,0,0,0,1,0,1,0,0,1,0,0,0,0,0,1,1,1,1,1,1,0,0,3.0,8,1
17,4,4,2,1,1,4,2,4,2,3,2,24,0,0,1,0,1,0,0,1,0,0,0,0,1,1,0,0,1,0,0,1,0,0,1,1,1,0,0,4.0,5,1
16,4,4,1,2,0,4,5,2,1,2,3,0,0,0,1,1,1,0,0,0,1,0,0,0,1,0,0,1,1,0,0,1,1,0,1,1,1,0,0,4.0,3,1
16,4,3,1,2,0,4,3,5,1,5,2,2,0,0,1,0,1,1,0,0,0,0,1,0,0,1,0,0,1,0,0,1,0,1,1,1,1,0,0,3.5,6,1
16,2,3,1,2,0,4,4,3,1,3,4,6,0,0,1,0,1,0,1,0,0,0,1,0,0,0,0,1,1,0,1,1,1,1,1,1,0,0,0,2.5,4,1
17,1,1,1,2,0,4,4,4,1,3,1,4,0,0,1,0,1,0,1,0,0,0,1,0,0,0,0,0,1,0,0,1,1,0,0,1,0,0,0,1.0,4,1
17,2,2,1,1,0,5,3,2,1,2,3,18,0,0,0,0,1,0,1,0,0,0,1,0,0,0,0,1,1,0,0,1,0,0,1,1,1,0,0,2.0,3,1
16,2,2,2,4,0,5,3,5,1,1,5,6,0,0,0,0,1,0,0,1,0,0,0,1,0,0,0,1,1,0,0,1,1,1,0,1,1,0,0,2.0,2,1
17,3,4,1,3,1,4,4,3,3,4,5,28,0,0,1,0,1,0,0,0,0,0,0,1,0,1,0,0,1,0,0,1,1,0,1,1,1,1,0,3.5,7,1
16,3,1,1,2,3,2,3,3,2,2,4,5,0,0,1,0,0,0,0,1,0,0,1,0,0,0,0,0,1,0,0,1,1,0,1,1,1,0,0,2.0,4,1
16,4,3,1,2,0,1,3,2,1,1,1,10,0,0,1,0,1,0,0,0,1,0,1,0,0,0,1,0,1,0,0,0,1,1,1,1,1,1,0,3.5,2,1
16,1,1,2,1,0,4,3,2,1,4,5,6,0,0,1,0,1,0,0,0,0,0,1,0,0,1,0,0,1,0,0,1,1,0,1,1,0,0,0,1.0,5,1
17,4,3,2,3,0,4,4,2,1,1,4,6,0,0,0,0,1,0,0,0,1,0,1,0,0,0,0,1,1,0,0,1,1,1,1,1,1,1,0,3.5,2,1
19,3,3,1,4,0,4,3,3,1,2,3,10,0,0,1,0,1,0,1,0,0,0,1,0,0,0,0,1,0,1,0,1,1,1,1,1,1,0,0,3.0,3,1
17,4,4,1,2,0,5,3,5,4,5,3,13,0,1,1,1,1,0,0,1,0,0,1,0,0,1,0,0,1,0,0,1,1,0,1,1,1,1,0,4.0,9,1
16,2,2,1,2,0,3,3,4,1,1,4,0,0,0,1,0,0,0,1,0,0,0,1,0,0,0,0,1,1,0,1,1,1,0,1,1,1,0,0,2.0,2,1
18,2,2,1,2,1,4,4,4,2,4,5,15,0,1,1,0,1,0,0,1,0,0,1,0,0,1,0,0,1,0,0,1,1,1,1,1,1,0,0,2.0,6,1
17,4,4,1,1,0,5,2,1,1,2,3,12,0,0,0,1,1,0,0,1,0,0,1,0,0,0,1,0,1,0,0,1,1,0,1,1,0,0,0,4.0,3,1
17,3,2,2,2,0,4,4,4,1,3,1,2,0,0,1,1,1,0,1,0,0,0,1,0,0,0,0,1,1,0,0,0,1,0,1,1,1,0,0,2.5,4,1
17,4,3,1,2,2,3,4,5,2,4,1,22,0,0,1,0,1,0,1,0,0,0,1,0,0,0,0,1,1,0,0,0,1,0,1,1,1,1,0,3.5,6,1
18,3,3,1,2,1,3,2,4,2,4,4,13,0,1,1,1,1,0,0,1,0,1,0,0,0,1,0,0,0,0,0,1,1,0,1,1,1,0,0,3.0,6,1
17,2,3,2,1,0,3,3,3,1,4,3,3,0,0,1,0,1,0,0,0,0,0,1,0,0,1,0,0,0,0,0,1,1,0,1,1,0,0,0,2.5,5,1
17,2,2,1,3,0,4,3,3,1,1,4,4,0,0,1,0,1,0,0,0,0,0,0,0,0,0,0,0,1,0,0,1,1,1,1,1,1,0,0,2.0,2,1
17,2,1,2,2,0,4,2,5,1,2,5,2,0,0,0,0,1,0,0,0,0,0,0,1,0,0,0,1,1,0,0,1,0,1,1,1,1,0,0,1.5,3,1
17,1,1,1,3,1,4,3,4,1,1,5,0,0,0,1,0,1,0,0,0,0,0,1,0,0,0,0,1,1,0,0,1,0,1,1,1,0,1,0,1.0,2,1
16,2,3,1,2,0,2,3,1,1,1,3,2,0,0,1,0,1,0,0,1,0,0,0,0,1,0,1,0,1,0,1,0,0,0,1,1,1,0,0,2.5,2,1
18,2,2,2,2,0,3,3,3,5,5,4,0,0,1,1,0,1,0,1,0,0,0,1,0,0,1,0,0,1,0,0,1,1,0,1,1,1,0,0,2.0,10,1
16,4,4,1,3,0,5,3,2,1,1,5,0,0,0,1,0,1,0,0,0,1,0,0,1,0,1,0,0,1,0,0,1,0,1,0,1,1,0,0,4.0,2,1
18,3,1,1,2,1,5,3,3,1,1,4,16,0,0,0,0,1,0,1,0,0,0,1,0,0,0,0,1,1,0,0,0,0,1,1,1,1,1,0,2.0,2,0
17,3,2,1,2,0,5,3,4,1,3,3,10,0,0,1,0,1,0,1,0,0,0,1,0,0,0,0,0,1,0,0,0,0,1,0,1,1,0,0,2.5,4,0
17,2,3,1,2,0,5,3,3,1,3,3,2,0,1,1,1,1,0,0,1,0,0,0,1,0,0,0,1,0,0,0,1,1,0,0,1,1,0,0,2.5,4,1
18,2,1,4,2,0,4,3,2,4,5,3,14,0,1,1,1,1,0,0,0,0,0,1,0,0,0,0,0,1,0,1,1,1,1,1,1,1,1,0,1.5,9,1
17,2,1,2,3,0,3,2,3,1,2,3,10,0,0,1,0,0,0,1,0,0,0,1,0,0,0,0,0,1,0,0,0,0,1,1,1,1,1,0,1.5,3,0
17,4,3,1,2,0,3,2,3,1,2,3,14,0,0,1,1,1,1,0,0,0,0,1,0,0,0,0,1,0,0,0,0,0,1,1,1,1,1,0,3.5,3,0
17,2,2,2,2,0,4,5,2,1,1,1,4,0,1,0,0,1,0,1,0,0,0,1,0,0,0,0,0,0,0,0,1,1,1,1,1,1,0,0,2.0,2,1
17,4,4,1,2,0,4,5,5,1,3,2,14,0,1,1,0,1,0,0,0,1,0,0,0,1,0,0,1,1,0,1,1,0,1,1,1,1,1,0,4.0,4,1
16,4,4,1,2,0,4,2,4,2,4,1,2,0,1,1,0,1,1,0,0,0,0,1,0,0,0,0,1,0,0,0,1,1,1,1,1,1,0,0,4.0,6,1
16,1,1,2,2,0,3,4,2,1,1,5,18,0,1,1,1,1,0,1,0,0,0,1,0,0,1,0,0,1,0,0,1,1,0,1,1,1,0,0,1.0,2,1
16,3,2,2,3,0,5,3,3,1,3,2,10,0,1,1,0,1,0,0,0,0,0,1,0,0,0,0,1,1,0,0,0,0,1,1,1,1,1,0,2.5,4,0
17,2,2,1,2,0,4,4,2,5,5,4,4,0,1,1,1,1,0,1,0,0,0,1,0,0,1,0,0,0,0,0,0,1,1,0,1,1,1,0,2.0,10,1
16,2,1,1,1,0,4,5,2,1,1,5,20,0,0,1,0,1,0,1,0,0,0,1,0,0,1,0,0,1,0,0,0,0,0,1,1,1,1,0,1.5,2,0
17,2,1,3,2,0,2,1,1,1,1,3,2,0,0,0,0,1,0,0,0,0,0,0,1,0,0,0,0,1,0,0,0,0,1,1,1,0,0,0,1.5,2,0
18,2,2,1,2,1,5,5,4,3,5,2,0,0,1,1,0,1,0,1,0,0,0,0,1,0,0,0,1,0,0,0,0,0,0,1,0,1,0,0,2.0,8,0
17,4,3,2,2,0,2,5,5,1,4,5,14,0,1,1,1,1,1,0,0,0,0,1,0,0,0,0,0,1,0,0,0,0,1,1,1,1,1,0,3.5,5,0
17,4,4,2,2,0,3,3,3,2,3,4,2,0,1,0,1,0,0,0,0,1,0,1,0,0,0,0,0,1,0,0,1,1,0,1,1,1,0,0,4.0,5,1
16,4,3,1,1,0,5,4,5,1,1,3,0,0,1,1,1,1,0,0,0,1,0,1,0,0,0,0,0,1,0,0,0,0,1,0,1,1,0,0,3.5,2,0
16,4,4,1,1,0,5,3,2,1,2,5,0,0,1,1,0,1,0,0,1,0,0,0,1,0,0,0,0,1,0,0,0,0,1,1,1,1,0,0,4.0,3,0
18,2,1,2,3,0,4,4,4,1,1,3,0,0,0,1,0,1,0,1,0,0,0,1,0,0,0,0,0,0,1,0,1,1,0,0,1,1,1,0,1.5,2,1
16,2,1,3,1,0,4,3,3,1,1,4,6,0,1,1,0,1,0,1,0,0,0,1,0,0,0,0,0,1,0,0,0,0,0,1,1,1,0,0,1.5,2,0
17,2,3,2,1,0,5,2,2,1,1,2,4,0,1,1,0,1,0,1,0,0,0,1,0,0,0,0,0,0,0,0,0,0,0,1,1,1,0,0,2.5,2,0
22,3,1,1,1,3,5,4,5,5,5,1,16,0,1,1,0,1,0,0,1,0,0,0,1,0,0,1,0,1,0,0,0,0,0,0,0,1,1,0,2.0,10,0
18,3,3,1,2,1,4,3,3,1,3,5,8,0,1,0,1,1,0,1,0,0,0,0,1,0,0,0,0,1,0,0,1,0,0,1,1,1,1,0,3.0,4,1
16,0,2,1,1,0,4,3,2,2,4,5,0,0,1,1,0,1,0,1,0,0,0,1,0,0,0,1,0,1,0,0,0,1,0,0,1,1,0,0,1.0,6,1
18,3,2,2,1,1,4,4,5,2,4,5,0,0,1,1,0,1,0,0,1,0,0,1,0,0,0,0,0,1,0,0,0,0,0,1,0,1,0,0,2.5,6,0
16,3,3,3,2,0,5,3,3,1,3,2,6,0,1,1,0,1,0,0,0,0,0,1,0,0,0,0,1,0,1,1,1,0,0,0,1,1,0,0,3.0,4,1
18,2,1,1,1,1,3,2,5,2,5,5,4,0,1,1,0,1,0,0,1,0,0,0,1,0,0,1,0,1,0,0,0,0,0,0,0,1,0,0,1.5,7,0
16,2,1,2,1,0,3,3,2,1,3,3,0,0,1,0,0,1,0,1,0,0,0,1,0,0,0,0,0,1,0,0,0,0,1,0,1,0,0,0,1.5,4,0
17,2,1,1,1,0,4,4,2,2,4,5,0,0,1,0,0,1,0,1,0,0,0,1,0,0,0,0,0,1,0,0,0,0,0,0,1,1,0,0,1.5,6,0
17,1,1,2,1,1,4,4,4,1,2,5,2,0,1,1,1,1,1,0,0,0,0,1,0,0,0,0,0,1,0,0,1,0,1,1,1,1,0,0,1.0,3,1
17,4,2,1,4,0,4,2,3,1,1,4,6,0,0,1,1,1,0,0,0,1,0,0,1,0,0,0,1,1,0,0,1,1,1,1,1,1,0,0,3.0,2,1
19,4,3,1,2,0,4,3,1,1,1,1,12,0,1,1,1,0,0,0,1,0,0,0,0,0,0,0,1,1,0,0,1,0,0,1,1,1,0,0,3.5,2,1
18,2,1,1,2,0,5,2,4,1,2,4,8,0,1,1,0,1,0,1,0,0,0,1,0,0,1,0,0,1,0,0,0,0,1,1,1,1,0,0,1.5,3,0
17,2,2,1,4,0,3,4,1,1,1,2,0,0,0,1,1,1,0,0,1,0,0,0,1,0,0,0,0,0,0,0,0,1,1,1,1,1,1,0,2.0,2,1
18,4,3,1,2,0,3,1,2,1,3,2,21,0,0,1,0,1,0,0,1,0,0,1,0,0,1,0,0,0,0,0,1,1,0,1,1,1,1,0,3.5,4,1
18,4,3,1,2,0,4,3,2,1,1,3,2,0,1,1,0,1,0,0,0,1,0,1,0,0,0,0,0,1,0,0,1,1,0,0,1,1,0,0,3.5,2,1
18,3,2,1,3,0,5,3,2,1,1,3,1,0,1,0,0,1,0,1,0,0,0,1,0,0,0,0,0,1,0,0,0,0,1,0,1,0,0,0,2.5,2,0
17,3,3,1,3,0,3,2,3,1,1,4,4,0,0,1,0,1,0,1,0,0,0,1,0,0,1,0,0,1,0,0,0,0,1,0,1,0,0,0,3.0,2,0
18,2,2,1,3,0,4,3,3,1,1,3,0,0,0,1,0,1,0,0,0,0,0,0,1,0,1,0,0,1,0,0,1,1,1,1,1,1,1,0,2.0,2,1
18,3,4,2,2,0,4,2,5,3,4,1,13,0,1,0,1,0,0,1,0,0,0,1,0,0,0,0,1,1,0,0,1,1,1,1,1,1,0,0,3.5,7,1
17,3,1,1,2,0,5,4,4,3,4,5,2,0,1,1,0,1,0,0,1,0,0,1,0,0,0,1,0,1,0,0,0,1,1,1,1,1,1,0,2.0,7,1
18,4,4,2,2,0,4,3,4,2,2,4,8,0,0,0,0,1,0,0,0,1,0,1,0,0,0,0,1,1,0,0,0,1,1,1,1,1,0,0,4.0,4,1
18,4,2,1,2,0,5,4,5,1,3,5,10,0,1,1,0,1,1,0,0,0,0,1,0,0,0,0,1,0,0,0,1,1,1,1,1,1,1,0,3.0,4,1
18,2,1,2,2,0,4,3,5,1,2,3,0,0,0,0,0,1,0,1,0,0,0,1,0,0,0,0,1,1,0,0,1,0,0,1,0,1,1,0,1.5,3,1
19,3,3,1,2,2,4,3,5,3,3,5,15,0,0,1,0,1,0,1,0,0,0,0,1,0,1,0,0,0,1,0,1,1,1,1,1,1,0,0,3.0,6,1
18,2,3,1,4,0,4,5,5,1,3,2,4,0,0,1,0,1,0,1,0,0,0,0,1,0,0,0,1,0,0,0,1,1,1,1,1,1,1,0,2.5,4,1
18,1,1,2,2,0,4,4,3,1,1,3,2,0,0,1,1,1,0,1,0,0,0,1,0,0,1,0,0,1,0,0,1,1,0,0,1,0,0,0,1.0,2,1
17,1,2,1,2,0,3,5,2,2,2,1,2,0,1,0,0,1,0,0,0,0,0,0,0,0,1,0,0,1,0,0,1,1,1,0,1,0,1,0,1.5,4,1
17,2,4,2,2,0,4,3,3,1,1,1,2,0,0,1,0,1,0,0,0,0,1,0,0,0,0,0,1,1,0,0,1,1,0,1,1,1,1,0,3.0,2,1
17,2,2,2,2,0,4,4,4,2,3,5,6,0,0,1,1,1,0,0,1,0,0,1,0,0,0,0,0,1,0,1,1,1,0,1,1,1,1,0,2.0,5,1
18,3,2,2,2,0,4,1,1,1,1,5,75,0,0,0,0,0,0,1,0,0,0,0,1,0,1,0,0,1,0,0,0,0,0,0,0,1,1,0,2.5,2,0
18,4,4,2,1,0,3,2,4,1,4,3,22,0,1,1,0,1,0,0,0,1,0,0,1,0,1,0,0,1,0,0,0,1,1,1,1,1,0,0,4.0,5,1
18,4,4,1,2,1,2,4,4,1,1,4,15,0,0,1,0,1,1,0,0,0,1,0,0,0,0,0,1,0,0,1,1,0,1,1,1,1,1,0,4.0,2,1
18,4,3,2,1,0,4,2,3,1,2,1,8,0,1,1,1,1,0,0,0,1,0,0,1,0,0,0,0,1,0,0,0,1,1,1,1,1,0,0,3.5,3,1
17,4,1,2,1,0,4,5,4,2,4,5,30,0,1,1,1,0,0,0,1,0,0,1,0,0,1,0,0,1,0,0,0,1,1,1,1,1,1,0,2.5,6,1
17,3,2,1,1,1,4,4,4,3,4,3,19,0,1,1,1,0,0,0,0,1,0,0,1,0,1,0,0,1,0,0,0,0,0,1,1,1,0,0,2.5,7,0
18,1,1,2,4,0,5,2,2,1,1,3,1,0,0,0,1,1,0,0,0,0,0,1,0,0,0,0,1,1,0,0,1,1,1,1,1,0,0,0,1.0,2,1
18,1,1,2,2,0,5,4,4,1,1,4,4,0,0,1,0,1,0,1,0,0,0,1,0,0,1,0,0,1,0,1,0,0,1,1,1,1,0,0,1.0,2,1
17,2,2,1,2,0,5,4,5,1,2,5,4,0,0,1,0,1,0,1,0,0,0,1,0,0,0,0,0,1,0,0,1,0,0,0,1,1,0,0,2.0,3,1
17,1,1,1,2,0,4,3,3,1,2,4,2,0,1,1,0,1,0,1,0,0,0,1,0,0,0,0,1,0,0,0,0,1,0,0,1,1,0,0,1.0,3,1
18,2,2,1,3,0,4,3,3,1,2,2,5,0,0,1,0,1,0,0,0,0,0,0,0,0,0,1,0,1,0,0,1,1,0,1,1,1,0,0,2.0,3,1
17,1,1,1,3,0,4,3,3,1,1,3,6,0,0,1,0,1,0,0,1,0,0,0,0,1,0,0,1,1,0,0,1,1,0,1,1,1,0,0,1.0,2,1
18,2,1,1,3,0,4,2,4,1,3,2,6,0,1,1,0,1,0,0,1,0,0,0,1,0,0,0,1,1,0,0,0,1,1,1,1,1,0,0,1.5,4,1
18,4,4,1,2,0,5,4,3,1,1,2,9,0,1,1,1,0,0,0,0,1,0,0,0,1,0,0,1,1,0,0,1,1,1,1,1,1,0,0,4.0,2,1
18,4,2,1,2,0,4,3,2,1,4,5,11,0,1,1,0,1,0,0,0,1,0,1,0,0,1,0,0,1,0,0,1,1,1,1,1,1,1,0,3.0,5,1
17,4,3,1,3,0,4,2,2,1,2,3,0,0,0,1,0,1,1,0,0,0,0,0,1,0,0,0,1,1,0,0,1,1,0,1,1,1,0,0,3.5,3,1
18,2,1,1,2,1,5,4,3,1,1,5,12,0,0,1,1,1,0,0,1,0,0,0,0,0,0,0,1,1,0,0,0,0,0,1,1,1,1,0,1.5,2,0
17,3,1,2,4,0,3,1,2,1,1,3,6,0,0,0,1,1,0,0,1,0,0,1,0,0,0,0,1,1,0,0,1,1,0,1,1,0,0,0,2.0,2,1
18,3,2,2,3,0,5,4,2,1,1,4,8,0,1,0,1,1,0,0,1,0,0,1,0,0,0,0,1,1,0,0,1,1,1,1,1,1,0,0,2.5,2,1
17,3,3,1,1,0,4,4,3,1,3,5,4,0,1,1,0,1,1,0,0,0,0,1,0,0,1,0,0,1,0,0,1,1,0,1,1,1,0,0,3.0,4,1
19,4,4,2,2,0,2,3,4,2,3,2,0,0,0,1,0,1,1,0,0,0,0,1,0,0,0,0,1,0,1,0,1,1,1,1,1,1,0,0,4.0,5,1
18,4,3,2,2,0,4,4,5,1,2,2,10,0,0,1,1,1,0,1,0,0,0,1,0,0,1,0,0,0,1,0,1,1,0,1,1,1,1,0,3.5,3,1
18,4,3,1,4,0,4,3,3,1,1,3,0,0,0,1,0,1,0,1,0,0,0,1,0,0,0,0,1,0,0,0,1,1,0,1,1,1,0,0,3.5,2,1
18,4,4,1,1,0,1,4,2,2,2,1,5,0,1,1,1,1,0,0,0,1,0,0,0,1,1,0,0,1,0,0,1,1,0,1,1,1,1,0,4.0,4,1
18,4,4,1,2,0,4,2,4,1,1,4,14,0,0,1,1,0,1,0,0,0,0,1,0,0,1,0,0,1,0,0,1,0,0,1,1,1,1,0,4.0,2,1
17,4,4,2,1,0,4,1,1,2,2,5,0,0,1,1,1,1,0,1,0,0,0,0,0,1,1,0,0,0,0,0,0,1,0,1,1,1,0,0,4.0,4,1
17,4,2,2,3,0,4,3,3,1,1,3,0,0,0,1,0,1,0,1,0,0,0,1,0,0,0,0,1,1,0,0,1,1,0,1,1,1,0,0,3.0,2,1
17,3,2,1,4,0,5,2,2,1,2,5,0,0,0,1,0,1,1,0,0,0,1,0,0,0,0,0,1,0,0,0,1,1,1,0,1,1,0,0,2.5,3,1
19,3,3,1,2,1,4,4,4,1,1,3,20,0,1,1,0,1,0,1,0,0,0,1,0,0,1,0,0,0,1,0,1,0,1,1,1,1,1,0,3.0,2,1
18,2,4,1,2,1,4,4,3,1,1,3,8,0,0,1,0,1,0,0,1,0,0,0,0,0,0,0,1,0,1,0,1,1,1,1,1,1,0,0,3.0,2,1
20,3,2,1,1,0,5,5,3,1,1,5,0,0,1,1,0,0,0,0,1,0,0,1,0,0,0,0,0,0,1,0,0,0,1,1,1,0,0,0,2.5,2,0
19,4,4,2,1,1,4,3,4,1,1,4,38,0,1,1,0,1,0,0,0,1,0,0,1,0,0,0,1,0,1,0,1,1,0,1,1,1,1,0,4.0,2,1
19,3,3,1,2,1,4,5,3,1,2,5,0,0,1,0,0,1,0,1,0,0,0,0,1,0,0,0,1,0,0,0,0,0,1,1,1,0,1,0,3.0,3,0
19,1,1,1,2,1,4,4,3,1,3,3,18,0,0,1,1,1,0,0,0,0,0,1,0,0,0,0,1,0,1,1,1,0,1,0,1,1,0,0,1.0,4,1
19,1,2,1,2,1,4,2,4,2,2,3,0,0,0,1,1,1,0,0,1,0,0,0,1,0,1,0,0,0,1,0,0,0,1,0,1,0,1,0,1.5,4,0
19,2,1,3,2,0,3,4,1,1,1,2,20,0,0,1,0,1,0,0,0,0,0,1,0,0,0,1,0,0,1,0,1,0,0,1,0,1,1,0,1.5,2,1
19,1,2,1,2,1,4,5,2,2,2,4,3,0,1,1,0,1,0,1,0,0,0,0,1,0,0,0,0,0,1,0,0,0,0,0,1,1,0,0,1.5,4,0
19,3,2,2,2,1,4,2,2,1,2,1,22,0,0,1,1,1,0,0,1,0,0,1,0,0,0,0,1,0,1,0,1,1,0,0,1,1,1,0,2.5,3,1
19,1,1,1,3,2,4,1,2,1,1,3,14,0,0,1,0,1,0,0,0,0,1,0,0,0,1,0,0,0,1,0,0,0,0,0,1,1,1,0,1.0,2,0
19,2,3,1,3,1,4,1,2,1,1,3,40,0,0,0,0,1,0,1,0,0,0,1,0,0,0,0,1,0,1,0,0,0,0,1,1,1,1,0,2.5,2,0
18,2,1,2,2,0,5,3,3,1,2,1,0,0,0,1,0,1,0,0,1,0,0,1,0,0,0,0,0,1,0,0,1,1,1,1,1,1,0,0,1.5,3,1
18,4,3,1,3,0,4,3,4,1,1,5,9,0,0,1,0,1,0,1,0,0,0,1,0,0,0,0,0,1,0,0,1,1,1,1,1,1,1,0,3.5,2,1
17,3,4,1,3,0,4,3,4,2,5,5,0,0,0,0,0,1,0,0,0,0,0,0,1,0,0,0,0,0,0,0,1,1,1,0,1,1,0,0,3.5,7,1
18,4,4,1,2,0,4,4,4,3,3,5,2,0,0,1,0,1,0,0,0,1,0,1,0,0,0,0,0,1,0,0,1,1,0,1,1,1,0,0,4.0,6,1
17,4,3,1,2,0,5,2,2,1,2,5,23,0,0,1,0,0,0,0,1,0,0,0,1,0,0,0,0,1,0,0,1,1,0,1,1,1,1,0,3.5,3,1
17,2,2,1,2,0,4,2,2,1,1,3,12,0,0,1,0,1,0,1,0,0,0,1,0,0,0,0,0,1,0,0,1,0,0,1,1,0,1,0,2.0,2,1
17,2,2,1,3,0,3,3,2,2,2,3,3,0,0,0,1,1,0,0,1,0,0,0,1,0,0,0,0,1,0,0,1,1,1,1,1,1,0,0,2.0,4,1
17,3,1,1,3,0,3,4,3,2,3,5,1,0,0,1,0,1,0,0,1,0,0,0,1,0,0,0,0,0,0,0,1,0,0,0,1,1,0,0,2.0,5,1
17,0,2,2,3,0,3,3,3,2,3,2,0,0,0,1,1,1,0,0,0,0,0,0,0,0,1,0,0,0,0,0,0,0,0,1,1,1,0,0,1.0,5,0
18,4,4,1,3,0,4,3,3,2,2,3,3,0,1,1,0,1,0,1,0,0,0,1,0,0,0,0,0,1,0,0,0,0,1,1,1,1,0,0,4.0,4,0
17,3,3,1,1,0,4,3,5,3,5,5,3,0,1,1,0,1,0,1,0,0,0,0,1,0,0,0,1,1,0,0,0,0,1,0,1,1,0,0,3.0,8,0
17,2,2,4,1,0,4,4,5,5,5,4,8,0,1,0,0,1,0,0,1,0,0,1,0,0,0,0,0,1,0,0,1,0,0,1,1,1,0,0,2.0,10,1
17,4,4,1,3,0,5,4,4,1,3,4,7,0,0,1,0,1,0,0,0,1,0,0,1,0,0,0,0,1,0,0,1,1,1,1,1,1,0,0,4.0,4,1
17,4,4,2,3,0,4,3,3,1,2,4,4,0,0,1,0,1,0,0,0,1,0,0,0,1,0,0,0,1,0,0,1,1,0,0,1,1,1,0,4.0,3,1
18,2,2,1,4,0,4,5,5,2,4,5,2,0,1,1,1,1,0,1,0,0,0,1,0,0,0,0,0,1,0,0,1,0,1,1,1,1,0,0,2.0,6,1
17,2,4,1,3,0,4,4,3,1,1,5,7,0,0,0,0,1,0,0,0,0,0,1,0,0,0,0,0,0,0,0,1,0,0,1,1,1,1,0,3.0,2,1
18,3,3,1,2,0,5,3,4,1,1,4,0,0,0,1,0,1,0,0,1,0,0,0,1,0,1,0,0,1,0,0,0,0,1,1,1,1,0,0,3.0,2,0
18,2,2,1,2,0,4,3,3,1,1,2,0,0,0,1,1,1,0,1,0,0,0,1,0,0,1,0,0,0,1,0,0,0,1,0,1,1,1,0,2.0,2,0
18,2,2,2,4,0,4,4,4,1,1,4,0,0,0,0,0,1,0,0,0,0,0,1,0,0,0,0,0,1,0,0,0,0,1,1,1,0,0,0,2.0,2,0
17,3,4,1,3,0,4,4,5,1,3,5,16,0,0,1,0,1,0,0,1,0,0,1,0,0,0,0,0,1,0,0,0,0,0,1,1,1,0,0,3.5,4,0
19,3,1,1,3,1,5,4,3,1,2,5,12,0,0,0,0,0,0,0,1,0,0,0,0,0,1,0,0,0,1,0,0,1,0,1,1,0,0,0,2.0,3,1
17,3,2,1,2,0,4,3,2,2,3,2,0,0,0,1,0,1,0,1,0,0,0,1,0,0,1,0,0,1,0,0,1,1,0,1,1,1,1,0,2.5,5,1
18,3,3,1,4,0,5,3,3,1,1,1,7,0,0,1,1,1,0,0,1,0,0,0,1,0,1,0,0,1,0,0,1,0,0,1,1,1,0,0,3.0,2,1
17,3,2,1,2,0,4,3,3,2,3,2,4,0,0,0,0,0,0,1,0,0,0,1,0,0,1,0,0,1,0,0,1,1,0,1,1,1,0,0,2.5,5,1
19,2,1,1,3,1,4,3,4,1,3,3,4,0,0,1,0,1,0,0,1,0,0,0,1,0,1,0,0,0,1,0,0,1,1,1,1,1,1,0,1.5,4,1
18,4,4,1,2,1,4,3,3,2,2,2,0,0,1,1,0,1,0,0,0,1,0,0,1,0,1,0,0,0,0,0,1,0,1,1,1,1,0,0,4.0,4,1
18,3,4,1,2,0,4,3,3,1,3,5,11,0,1,1,1,1,0,0,1,0,0,1,0,0,1,0,0,1,0,0,0,0,1,1,1,1,1,0,3.5,4,0
17,2,2,1,2,1,3,3,1,1,2,4,0,0,0,1,0,0,0,0,0,0,0,0,0,0,1,0,0,0,0,0,1,0,0,1,1,1,1,0,2.0,3,1
18,2,3,1,3,0,4,3,3,1,2,3,4,0,0,1,0,1,0,0,0,0,0,1,0,0,0,0,0,1,0,0,1,0,0,1,1,1,0,0,2.5,3,1
18,3,2,1,3,0,5,4,3,2,3,1,7,0,0,1,0,1,0,1,0,0,0,0,1,0,0,1,0,1,0,0,0,0,0,1,1,1,1,0,2.5,5,0
18,4,3,1,3,0,5,3,2,1,2,4,9,0,1,0,0,1,0,0,0,1,0,0,1,0,0,0,0,1,0,0,0,0,0,1,1,1,1,0,3.5,3,0
18,4,3,1,3,0,5,4,5,2,3,5,0,0,1,1,0,1,0,0,0,1,0,1,0,0,0,0,0,1,0,0,1,1,0,1,1,1,1,0,3.5,5,1
17,4,3,1,3,0,4,4,3,1,3,4,0,0,0,1,0,1,1,0,0,0,0,1,0,0,0,0,1,1,0,0,1,1,1,1,1,1,1,0,3.5,4,1
18,3,2,2,1,1,2,5,5,5,5,5,10,1,1,0,0,1,0,1,0,0,0,1,0,0,0,0,0,1,0,0,1,0,0,0,1,1,0,0,2.5,10,1
19,1,1,3,2,3,5,4,4,3,3,2,8,1,1,0,0,1,0,1,0,0,0,0,1,0,1,0,0,0,1,0,0,0,0,1,1,1,0,0,1.0,6,0
17,3,3,2,2,0,4,5,4,2,3,3,2,1,1,1,0,1,1,0,0,0,0,1,0,0,0,0,0,1,0,0,1,1,0,1,1,1,0,0,3.0,5,1
18,1,3,1,1,1,4,3,3,2,3,3,7,1,1,1,1,1,0,0,0,0,0,0,1,0,0,0,0,1,0,0,0,0,0,1,0,1,1,0,2.0,5,0
19,1,1,3,1,1,4,4,4,3,3,5,4,1,1,0,0,1,0,1,0,0,0,1,0,0,1,0,0,0,1,0,1,0,0,1,1,1,0,0,1.0,6,1
17,4,3,2,2,0,4,5,5,1,3,2,4,1,1,0,0,1,0,0,1,0,0,1,0,0,1,0,0,1,0,0,1,1,1,0,1,1,1,0,3.5,4,1
18,3,3,1,2,0,5,3,4,1,1,5,0,1,0,1,0,1,0,0,1,0,0,0,1,0,0,0,0,0,0,0,1,0,0,1,1,0,1,0,3.0,2,1
17,4,4,2,2,0,4,3,3,1,2,5,4,1,0,0,0,1,0,0,0,1,0,0,1,0,0,1,0,0,0,0,1,1,1,1,1,1,0,0,4.0,3,1
17,3,2,2,2,0,1,2,3,1,2,5,2,1,0,1,1,0,0,0,1,0,0,1,0,0,0,0,1,1,0,0,0,0,0,1,1,0,1,0,2.5,3,0
18,1,1,2,1,0,3,3,2,1,2,3,4,1,1,1,1,1,0,1,0,0,0,0,1,0,1,0,0,0,0,0,0,0,0,0,1,1,1,0,1.0,3,0
18,1,1,2,3,0,5,3,2,1,1,4,0,1,0,1,1,1,0,0,0,0,0,0,1,0,0,0,0,0,0,0,0,0,0,1,1,1,0,0,1.0,2,0
18,1,4,3,2,0,4,3,4,1,4,5,0,1,0,0,1,0,0,0,0,0,0,1,0,0,0,0,0,1,0,0,0,0,0,1,1,0,1,0,2.5,5,0
18,1,1,2,2,1,4,4,3,2,3,5,2,1,1,0,1,1,0,0,0,0,0,1,0,0,0,1,0,1,0,0,0,0,1,0,0,0,0,0,1.0,5,0
18,3,3,2,2,0,4,3,2,1,3,3,0,1,0,1,0,1,0,0,1,0,0,0,1,0,0,1,0,1,0,0,1,0,0,1,1,1,1,0,3.0,4,1
17,4,4,1,2,0,2,3,4,1,1,1,0,1,0,1,1,1,0,0,0,0,0,0,0,0,0,0,0,1,0,0,1,1,1,1,1,1,1,0,4.0,2,1
17,1,2,2,2,0,3,2,2,1,2,3,0,1,0,0,0,1,0,1,0,0,0,0,1,0,0,0,0,0,0,0,0,0,0,0,1,0,0,0,1.5,3,0
18,1,3,2,2,0,3,3,4,2,4,3,4,1,1,0,0,1,0,0,0,0,0,1,0,0,0,0,0,1,0,0,1,1,0,1,1,0,0,0,2.0,6,1
18,4,4,2,3,0,4,2,2,2,2,5,0,1,1,1,1,1,0,0,0,1,0,0,1,0,0,1,0,1,0,0,0,1,0,1,1,1,1,0,4.0,4,1
17,1,1,3,1,1,5,2,1,1,2,1,0,1,0,0,0,1,0,1,0,0,0,0,1,0,0,0,1,1,0,0,1,1,0,1,1,1,1,0,1.0,3,1
18,2,3,2,1,0,5,2,3,1,2,4,0,1,0,1,0,1,0,0,0,0,0,0,1,0,0,0,0,0,0,0,1,1,0,1,1,1,1,0,2.5,3,1
18,4,4,3,2,0,3,2,2,4,2,5,10,1,0,0,0,1,0,1,0,0,0,0,0,1,0,1,0,0,0,0,1,1,0,0,1,1,1,0,4.0,6,1
19,3,2,2,2,2,3,2,2,1,1,3,4,1,0,1,1,1,0,0,1,0,0,0,1,0,1,0,0,0,1,0,0,0,1,1,1,0,1,0,2.5,2,0
18,1,2,3,1,0,4,3,3,2,3,3,3,1,1,0,1,1,0,0,0,0,0,0,1,0,0,1,0,0,0,0,1,1,1,1,0,1,1,0,1.5,5,1
17,2,2,1,3,0,3,4,3,1,1,3,8,1,0,1,0,1,0,1,0,0,0,0,0,0,1,0,0,1,0,0,0,0,1,1,1,0,1,0,2.0,2,0
17,1,2,1,1,0,3,5,5,1,3,1,14,1,0,0,0,1,0,1,0,0,0,1,0,0,0,0,0,1,0,0,0,0,1,1,1,1,0,0,1.5,4,0
18,4,4,2,3,0,5,4,4,1,1,1,0,1,0,0,1,1,0,1,0,0,0,1,0,0,0,0,1,1,0,0,0,0,0,1,1,1,0,0,4.0,2,0
18,1,1,4,3,0,4,3,2,1,2,4,2,1,0,0,0,1,0,1,0,0,0,1,0,0,1,0,0,1,0,0,0,0,0,1,1,1,0,0,1.0,3,0
20,4,2,2,3,2,5,4,3,1,1,3,4,1,0,1,0,1,1,0,0,0,0,1,0,0,0,0,0,0,1,0,1,1,0,0,1,1,1,0,3.0,2,1
18,4,4,1,2,0,5,4,3,3,4,2,4,1,0,0,1,1,0,0,0,1,0,0,1,0,0,0,0,1,0,0,0,1,1,1,1,1,0,0,4.0,7,1
18,3,3,1,2,0,4,1,3,1,2,1,0,1,0,1,0,1,0,1,0,0,0,1,0,0,1,0,0,1,0,0,0,1,0,1,1,1,1,0,3.0,3,1
17,3,1,1,2,0,4,5,4,2,3,1,17,1,0,0,0,1,0,0,0,0,0,1,0,0,0,0,1,1,0,0,1,1,1,0,1,1,0,0,2.0,5,1
18,4,4,1,2,0,3,2,4,1,4,2,4,1,1,1,0,1,0,0,0,1,0,0,0,1,1,0,0,0,0,0,0,1,1,0,1,1,0,0,4.0,5,1
18,2,1,2,1,0,4,4,3,1,3,5,5,1,1,0,0,1,0,1,0,0,0,1,0,0,0,1,0,1,0,0,0,0,1,0,1,1,1,0,1.5,4,0
17,2,3,2,2,0,4,4,3,1,1,3,2,1,1,1,0,1,0,1,0,0,0,0,1,0,1,0,0,0,0,0,0,0,1,1,1,1,0,0,2.5,2,0
19,1,1,2,1,1,4,3,2,1,3,5,0,1,1,0,0,1,0,1,0,0,0,0,1,0,0,1,0,1,0,0,0,0,0,1,1,0,0,0,1.0,4,0
18,4,2,2,1,1,5,4,3,4,3,3,14,1,1,0,0,1,0,1,0,0,0,1,0,0,1,0,0,0,0,0,0,1,0,1,1,0,0,0,3.0,7,1
18,2,2,2,3,0,5,3,3,1,3,4,2,1,0,0,0,1,0,0,0,0,0,1,0,0,0,1,0,1,0,0,0,1,0,1,1,0,0,0,2.0,4,1
18,4,4,3,1,0,4,4,3,2,2,5,7,1,0,0,0,1,0,0,0,1,0,0,0,0,0,0,1,1,0,0,1,1,1,1,1,1,1,0,4.0,4,1
19,2,3,1,3,1,5,4,2,1,2,5,0,1,0,0,0,1,0,0,1,0,0,1,0,0,0,0,0,1,0,0,0,0,1,0,1,1,0,0,2.5,3,0
18,3,1,1,2,0,4,3,4,1,1,1,0,1,0,1,1,1,0,0,0,1,0,0,1,0,0,0,0,1,0,0,1,1,0,1,1,1,0,0,2.0,2,1
18,1,1,2,2,1,1,1,1,1,1,5,0,1,0,1,0,1,0,1,0,0,0,1,0,0,0,0,0,1,0,0,0,0,1,1,1,0,0,0,1.0,2,0
20,2,2,1,2,2,5,5,4,4,5,4,11,1,1,1,1,0,0,0,1,0,0,0,1,0,0,0,0,0,1,0,1,1,0,1,1,0,0,0,2.0,9,1
17,3,1,2,1,0,2,4,5,3,4,2,3,1,1,1,1,1,0,0,1,0,0,0,1,0,0,0,0,1,0,0,0,0,0,0,1,1,0,0,2.0,7,0
21,1,1,1,1,3,5,5,3,3,3,3,3,1,1,0,0,1,0,1,0,0,0,1,0,0,0,0,0,0,1,0,0,0,0,0,1,0,0,0,1.0,6,0
18,3,2,3,1,0,4,4,1,3,4,5,0,1,1,0,1,1,0,0,1,0,0,1,0,0,0,0,0,1,0,0,0,0,0,0,1,1,0,0,2.5,7,0
19,1,1,1,1,0,3,2,3,3,3,5,5,1,1,1,1,1,0,1,0,0,0,0,0,0,0,0,0,0,0,0,0,0,0,1,1,1,0,0,1.0,6,0
18,4,4,2,2,0,4,3,4,1,1,3,4,0,0,1,0,0,0,0,0,0,0,0,0,1,0,0,0,1,0,1,0,0,0,1,1,0,0,1,4.0,2,1
17,1,1,1,2,0,5,3,3,1,1,3,2,0,0,1,0,1,0,0,0,0,0,1,0,0,0,0,0,0,0,0,1,0,0,0,1,1,0,1,1.0,2,1
15,1,1,1,2,0,4,3,2,2,3,3,6,0,0,1,1,1,0,0,0,0,0,1,0,0,0,1,0,1,0,1,0,0,0,1,1,1,0,1,1.0,5,1
15,4,2,1,3,0,3,2,2,1,1,5,0,0,0,1,0,1,1,0,0,0,0,0,1,0,1,0,0,1,0,0,1,0,1,1,1,1,1,1,3.0,2,1
16,3,3,1,2,0,4,3,2,1,2,5,0,0,0,1,0,1,0,1,0,0,0,1,0,0,1,0,0,0,0,0,1,0,0,1,1,0,0,1,3.0,3,1
16,4,3,1,2,0,5,4,2,1,2,5,6,0,1,1,1,1,0,0,1,0,0,1,0,0,0,0,1,1,0,0,1,0,1,1,1,1,0,1,3.5,3,1
16,2,2,1,2,0,4,4,4,1,1,3,0,0,1,1,1,1,0,1,0,0,0,1,0,0,1,0,0,1,0,0,0,0,0,1,1,1,0,1,2.0,2,0
17,4,4,2,2,0,4,1,4,1,1,1,2,0,0,1,0,0,0,1,0,0,0,0,0,1,1,0,0,1,0,1,1,0,0,1,1,0,0,1,4.0,2,1
15,3,2,1,2,0,4,2,2,1,1,1,0,0,1,1,1,0,0,0,1,0,0,1,0,0,1,0,0,1,0,0,1,0,0,1,1,1,0,1,2.5,2,1
15,3,4,1,2,0,5,5,1,1,1,5,0,0,1,1,0,1,0,1,0,0,0,1,0,0,1,0,0,1,0,0,1,0,1,1,1,1,0,1,3.5,2,1
15,4,4,1,2,0,3,3,3,1,2,2,2,0,0,1,0,1,0,0,0,1,1,0,0,0,0,0,1,1,0,0,1,0,0,1,1,1,0,1,4.0,3,1
15,2,1,3,3,0,5,2,2,1,1,4,0,0,0,1,0,1,0,0,1,0,0,1,0,0,0,0,1,0,0,0,1,0,1,1,1,1,0,1,1.5,2,1
15,4,4,1,1,0,4,3,3,1,3,5,0,0,1,1,1,1,1,0,0,0,0,0,1,0,0,0,0,0,0,0,1,0,1,1,1,1,0,1,4.0,4,1
15,4,3,2,2,0,5,4,3,1,2,3,0,0,1,1,0,1,0,0,0,1,0,1,0,0,0,0,0,1,0,0,1,0,0,1,1,1,0,1,3.5,3,1
15,2,2,1,3,0,4,5,2,1,1,3,0,0,1,1,0,0,0,1,0,0,0,1,0,0,1,0,0,0,1,0,1,0,0,1,1,1,1,1,2.0,2,1
16,4,4,1,1,0,4,4,4,1,2,2,6,0,0,1,0,1,1,0,0,0,0,1,0,0,1,0,0,1,0,0,1,0,0,1,1,1,0,1,4.0,3,1
16,4,4,1,3,0,3,2,3,1,2,2,10,0,0,1,0,1,0,0,1,0,0,0,1,0,0,0,1,1,0,0,1,0,1,1,1,1,0,1,4.0,3,1
16,3,3,3,2,0,5,3,2,1,1,4,2,0,0,1,0,1,0,1,0,0,0,1,0,0,0,0,1,1,0,1,1,0,1,1,1,0,0,1,3.0,2,1
17,3,2,1,1,3,5,5,5,2,4,5,2,0,1,1,0,1,0,0,1,0,0,0,1,0,0,0,0,1,0,0,1,1,1,1,1,1,0,1,2.5,6,1
16,4,3,1,1,0,3,1,3,1,3,5,6,0,1,1,1,1,1,0,0,0,0,1,0,0,1,0,0,0,0,0,0,0,1,1,1,1,0,1,3.5,4,0
15,4,3,1,2,0,4,4,1,1,1,1,0,0,1,1,0,1,0,0,0,1,0,1,0,0,0,0,1,1,0,0,0,0,0,1,1,1,0,1,3.5,2,0
15,4,4,1,1,0,5,4,2,1,1,5,0,0,1,1,0,1,1,0,0,0,1,0,0,0,0,1,0,0,0,0,1,1,0,1,1,1,0,1,4.0,2,1
16,4,2,1,2,0,4,5,1,1,3,5,0,0,1,1,1,1,0,0,0,1,0,1,0,0,0,0,0,1,0,0,0,0,1,1,1,1,0,1,3.0,4,0
16,2,2,2,2,0,5,4,4,2,4,5,2,0,1,1,1,1,0,1,0,0,0,1,0,0,0,0,1,1,0,0,1,0,1,1,1,1,0,1,2.0,6,1
15,2,4,1,3,0,4,3,2,1,1,5,2,0,0,0,0,1,0,0,1,0,1,0,0,0,0,0,0,1,0,1,1,0,1,1,1,1,0,1,3.0,2,1
16,2,2,1,1,0,1,2,2,1,3,5,6,0,0,1,0,1,0,0,1,0,0,0,1,0,1,0,0,1,0,0,1,0,0,0,1,1,0,1,2.0,4,1
15,2,2,1,1,0,4,2,2,1,2,5,8,0,1,1,0,1,0,1,0,0,0,1,0,0,1,0,0,1,0,0,1,0,0,1,1,1,0,1,2.0,3,1
15,4,2,1,1,0,2,2,4,2,4,1,0,0,1,1,0,1,1,0,0,0,0,0,1,0,0,1,0,1,0,0,0,0,0,1,1,1,0,1,3.0,6,0
16,3,4,1,2,0,5,3,3,1,1,5,2,0,1,1,1,0,0,0,1,0,0,1,0,0,1,0,0,1,0,1,1,1,1,1,1,1,0,1,3.5,2,1
16,4,4,1,2,0,4,4,5,5,5,5,4,0,1,1,0,1,0,0,0,1,0,0,0,1,1,0,0,1,0,0,1,1,1,1,1,1,1,1,4.0,10,1
15,4,4,1,2,0,5,4,2,3,4,5,0,0,1,1,0,1,1,0,0,0,0,0,1,0,1,0,0,1,0,0,1,1,0,0,1,1,0,1,4.0,7,1
15,4,4,2,2,0,4,3,1,1,1,5,2,0,1,1,0,1,0,0,1,0,0,0,1,0,0,0,1,1,0,0,1,0,1,1,1,1,0,1,4.0,2,1
15,4,3,1,2,0,4,5,2,1,1,5,0,0,1,0,0,1,0,0,0,1,0,0,0,0,0,0,0,1,0,0,1,0,1,1,1,1,1,1,3.5,2,1
15,3,3,1,2,0,5,3,2,1,1,2,0,0,1,1,1,1,0,1,0,0,0,1,0,0,0,0,0,1,0,0,0,0,1,0,1,1,0,1,3.0,2,0
16,3,2,1,1,0,5,4,3,1,1,5,4,0,1,1,0,1,0,1,0,0,0,1,0,0,1,0,0,1,0,0,1,0,0,0,1,1,0,1,2.5,2,1
15,2,3,2,1,0,3,5,1,1,1,5,4,0,0,1,0,1,0,1,0,0,0,1,0,0,0,1,0,0,0,0,1,0,1,1,1,0,0,1,2.5,2,1
15,4,3,1,3,0,5,4,3,1,1,4,0,0,1,1,1,1,0,0,0,1,0,0,1,0,1,0,0,1,0,0,1,0,1,1,1,1,0,1,3.5,2,1
16,4,4,2,3,0,2,4,3,1,1,5,4,0,1,0,0,0,0,1,0,0,0,0,0,1,0,0,1,1,0,0,1,0,1,1,1,1,1,1,4.0,2,1
15,3,4,1,3,0,4,3,2,1,1,5,2,0,0,0,0,1,0,0,1,0,1,0,0,0,0,0,0,1,0,1,1,0,1,1,1,1,0,1,3.5,2,1
15,2,2,1,1,0,4,3,1,1,1,2,8,0,0,0,0,1,0,0,0,0,0,1,0,0,0,0,1,1,0,1,1,0,1,1,1,0,0,1,2.0,2,1
16,2,2,2,2,0,3,3,3,1,2,3,16,0,0,1,1,1,0,1,0,0,0,1,0,0,1,0,0,1,0,0,1,0,1,0,1,1,1,1,2.0,3,1
15,4,4,1,1,0,5,4,3,2,4,5,8,0,1,1,1,1,0,0,0,1,0,1,0,0,1,0,0,0,1,0,1,0,0,0,1,1,1,1,4.0,6,1
15,4,4,1,2,0,4,3,3,1,1,5,0,0,1,1,0,1,0,0,1,0,0,0,0,1,0,0,0,0,0,0,1,0,1,1,1,1,0,1,4.0,2,1
15,2,2,1,1,0,5,4,1,1,1,1,0,0,1,1,0,1,0,0,1,0,0,0,1,0,0,0,0,0,0,1,1,0,0,1,1,1,0,1,2.0,2,1
16,2,2,2,2,1,4,3,3,2,2,5,14,0,0,1,1,1,0,1,0,0,0,0,0,0,0,0,0,0,0,1,0,0,1,1,1,1,0,1,2.0,4,1
15,4,3,1,2,0,5,2,2,1,1,5,4,0,0,1,1,0,0,1,0,0,0,1,0,0,0,0,0,1,0,1,1,1,1,1,1,1,1,1,3.5,2,1
16,3,3,1,2,0,2,3,5,1,4,3,6,0,0,1,1,0,0,1,0,0,0,0,1,0,1,0,0,1,0,0,1,0,0,1,1,1,0,1,3.0,5,1
16,4,3,1,4,0,4,2,2,1,1,2,2,0,1,1,0,1,1,0,0,0,0,0,1,0,0,0,1,1,0,0,0,0,1,1,1,1,0,1,3.5,2,0
15,4,2,1,2,0,4,3,3,2,2,5,4,0,1,1,0,1,0,0,0,1,0,1,0,0,1,0,0,1,0,0,1,0,0,1,1,0,0,1,3.0,4,1
15,4,4,1,2,0,4,4,4,1,1,3,2,0,0,1,0,1,0,0,1,0,0,0,0,1,0,1,0,0,0,1,1,0,1,0,1,1,0,1,4.0,2,1
16,2,2,3,2,0,4,3,3,2,3,4,0,0,0,1,1,1,0,0,1,0,0,0,1,0,0,0,0,1,0,0,1,0,0,1,1,1,0,1,2.0,5,1
15,4,2,1,2,0,4,3,3,1,1,5,0,0,0,1,1,1,1,0,0,0,0,1,0,0,0,1,0,1,0,0,1,0,0,1,1,1,0,1,3.0,2,1
15,4,2,2,1,0,5,5,5,3,4,5,4,0,1,1,1,0,1,0,0,0,1,0,0,0,0,1,0,0,0,0,0,0,0,1,1,0,0,1,3.0,7,0
15,4,4,1,1,0,3,3,4,2,3,5,0,0,0,1,0,1,0,0,1,0,0,0,1,0,0,0,0,1,0,1,1,0,0,1,1,1,0,1,4.0,5,1
15,3,3,1,1,0,5,3,4,4,4,1,0,0,0,1,1,0,0,1,0,0,0,1,0,0,0,1,0,1,0,0,0,0,0,1,1,1,0,1,3.0,8,0
16,2,1,1,2,0,5,3,4,1,1,2,2,0,0,1,0,0,0,1,0,0,0,1,0,0,0,1,0,1,0,0,0,0,1,1,1,1,1,1,1.5,2,0
15,4,3,1,2,0,4,3,2,1,1,1,0,0,0,1,0,0,0,0,1,0,0,0,1,0,0,0,1,1,0,0,1,0,1,1,1,1,0,1,3.5,2,1
15,4,4,1,2,0,3,2,2,1,1,5,8,0,1,1,0,1,0,0,0,1,1,0,0,0,0,0,1,1,0,0,1,0,1,1,1,0,0,1,4.0,2,1
15,1,2,1,2,0,4,3,2,1,1,5,0,0,1,1,1,1,0,1,0,0,0,0,0,0,1,0,0,0,0,1,1,0,1,1,1,1,0,1,1.5,2,1
16,4,2,1,2,0,4,2,3,1,1,5,2,0,0,1,0,1,0,0,1,0,0,1,0,0,0,0,0,1,0,0,1,1,0,1,1,1,0,1,3.0,2,1
16,4,4,1,2,0,2,4,4,2,3,4,0,0,0,0,0,1,1,0,0,0,0,0,0,1,0,1,0,1,0,0,1,0,1,1,1,0,0,1,4.0,5,1
16,1,1,4,1,0,5,5,5,5,5,5,0,0,0,1,0,1,0,0,1,0,0,0,1,0,0,0,0,0,0,1,1,0,1,0,1,1,1,1,1.0,10,1
16,1,2,1,2,0,4,4,3,1,1,1,0,0,0,1,1,1,0,1,0,0,0,0,1,0,0,0,1,0,0,1,0,0,1,1,1,1,0,1,1.5,2,1
16,4,3,1,3,0,3,4,4,2,4,4,0,0,0,1,0,1,0,0,0,1,1,0,0,0,1,0,0,1,0,1,1,0,1,1,1,1,0,1,3.5,6,1
15,4,3,1,2,0,4,4,4,2,4,2,0,0,0,1,1,1,0,0,1,0,0,0,1,0,0,0,1,0,0,1,0,0,1,1,1,1,1,1,3.5,6,1
16,4,3,3,2,0,5,4,3,1,2,1,2,0,0,1,1,1,0,0,0,1,0,0,1,0,0,0,0,1,0,0,1,0,1,1,1,1,0,1,3.5,3,1
15,4,4,1,4,0,1,3,3,5,5,3,0,0,1,1,0,0,0,1,0,0,0,0,1,0,0,0,1,1,0,0,1,0,1,0,1,1,1,1,4.0,10,1
16,3,1,1,4,0,4,3,3,1,2,5,0,0,0,1,0,1,0,0,1,0,0,1,0,0,0,0,0,1,0,1,1,0,0,1,1,1,0,1,2.0,3,1
15,2,2,2,2,0,4,1,3,1,3,4,0,0,0,0,1,1,1,0,0,0,0,0,1,0,0,0,1,1,0,1,1,0,0,1,1,1,0,1,2.0,4,1
15,3,1,2,4,0,4,4,2,2,3,3,6,0,0,0,1,1,0,1,0,0,0,1,0,0,0,0,1,0,0,0,1,0,0,0,1,1,0,1,2.0,5,1
16,3,1,2,4,0,4,3,2,1,1,5,2,0,1,1,0,1,0,1,0,0,0,1,0,0,0,0,1,0,0,0,1,0,0,1,1,1,0,1,2.0,2,1
15,4,2,1,4,0,3,3,3,1,1,3,0,0,1,1,0,1,0,1,0,0,0,1,0,0,0,0,0,1,0,0,0,0,0,1,1,1,0,1,3.0,2,0
15,1,1,1,2,0,3,3,4,2,4,5,2,0,0,0,0,1,0,1,0,0,0,1,0,0,0,0,1,1,0,1,1,0,0,0,1,1,1,1,1.0,6,1
16,3,1,1,1,0,5,3,2,2,2,5,0,0,1,1,0,1,0,1,0,0,0,1,0,0,0,0,1,1,0,0,0,0,1,1,1,0,0,1,2.0,4,0
16,3,3,1,2,0,4,3,3,2,4,5,4,0,0,1,0,1,0,1,0,0,0,0,1,0,1,0,0,1,0,1,1,0,1,1,1,1,0,1,3.0,6,1
15,4,3,1,2,0,4,3,3,2,3,5,0,0,1,1,0,1,0,0,0,1,0,1,0,0,1,0,0,1,0,0,1,0,1,1,1,1,0,1,3.5,5,1
15,4,0,2,4,0,3,4,3,1,1,1,0,0,1,1,0,1,0,0,0,1,0,1,0,0,0,0,0,1,0,0,0,0,1,1,1,1,0,1,2.0,2,0
16,2,2,1,4,0,5,2,3,1,3,3,1,0,0,1,0,1,0,1,0,0,0,1,0,0,0,0,1,1,0,0,0,0,0,1,1,1,1,1,2.0,4,0
17,2,1,2,1,3,4,5,1,1,1,3,0,0,1,1,0,1,0,1,0,0,0,1,0,0,1,0,0,1,0,1,1,0,1,1,0,1,0,1,1.5,2,1
16,3,4,1,2,0,2,4,3,1,2,3,14,0,0,1,0,1,0,0,0,0,0,1,0,0,0,0,0,1,0,0,1,0,0,1,1,1,0,1,3.5,3,1
15,2,3,1,1,0,3,2,2,1,3,3,0,0,1,1,0,1,0,1,0,0,0,0,1,0,0,0,0,0,0,1,1,0,1,0,1,1,1,1,2.5,4,1
15,2,3,1,3,0,5,3,2,1,2,5,2,0,1,1,0,1,0,1,0,0,0,1,0,0,1,0,0,1,0,1,0,0,0,0,1,1,0,1,2.5,3,1
15,3,2,1,2,0,4,4,4,1,1,5,4,0,0,1,1,1,0,0,1,0,0,1,0,0,0,0,1,1,0,0,1,0,0,1,1,1,0,1,2.5,2,1
15,2,2,2,2,0,5,3,3,1,3,4,2,0,1,1,1,1,0,0,1,0,0,0,1,0,1,0,0,1,0,0,0,1,1,1,1,1,0,1,2.0,4,1
15,1,1,1,2,0,4,3,2,2,3,4,2,0,0,1,0,1,0,1,0,0,0,1,0,0,1,0,0,0,0,0,1,0,1,0,1,1,0,1,1.0,5,1
15,4,4,2,2,0,4,4,4,2,3,5,4,0,0,1,0,1,0,0,1,0,0,0,1,0,0,0,1,0,0,0,0,0,0,1,1,1,1,1,4.0,5,0
16,2,2,1,2,0,4,3,4,1,2,2,6,0,0,1,1,1,0,0,0,0,0,1,0,0,0,0,0,1,0,0,1,0,0,1,1,0,0,1,2.0,3,1
15,4,2,1,3,0,5,3,3,1,3,1,4,0,0,1,0,1,0,1,0,0,0,1,0,0,0,0,1,1,0,0,1,0,1,1,1,1,0,1,3.0,4,1
16,2,2,2,2,0,4,4,2,1,1,3,6,0,1,1,0,1,0,0,1,0,0,1,0,0,0,0,1,0,0,0,0,0,1,0,1,1,0,1,2.0,2,0
16,4,4,1,2,0,4,1,3,3,5,5,6,0,1,1,1,0,0,0,0,1,1,0,0,0,0,0,1,1,0,0,1,0,0,1,1,0,0,1,4.0,8,1
16,3,3,1,3,0,4,3,3,1,3,4,2,0,0,1,0,1,0,1,0,0,0,1,0,0,1,0,0,1,0,0,1,0,0,1,1,1,1,1,3.0,4,1
15,4,3,1,1,0,4,5,5,1,3,1,6,0,0,1,0,1,0,0,1,0,0,1,0,0,0,0,1,1,0,0,0,0,1,1,1,1,0,1,3.5,4,0
16,3,1,1,2,0,3,3,3,2,3,2,0,0,0,1,1,1,0,1,0,0,0,1,0,0,1,0,0,0,0,1,1,0,0,1,1,0,0,1,2.0,5,1
16,4,2,2,2,0,5,3,3,1,1,1,2,0,0,1,0,1,0,0,0,1,0,0,1,0,1,0,0,1,0,0,1,0,1,1,1,1,0,1,3.0,2,1
15,2,2,1,4,0,4,3,4,1,1,4,2,0,1,1,1,1,0,0,1,0,1,0,0,0,0,0,1,1,0,0,1,0,1,1,1,1,0,1,2.0,2,1
15,1,1,2,4,0,3,1,2,1,1,1,4,0,0,0,0,1,0,0,0,0,0,1,0,0,1,0,0,1,0,1,1,1,1,1,1,1,0,1,1.0,2,1
16,4,3,2,1,0,3,3,3,1,1,4,6,0,1,0,0,1,0,0,1,0,0,1,0,0,0,0,1,1,0,1,1,1,1,0,1,1,0,1,3.5,2,1
16,2,1,1,2,0,4,3,5,1,1,5,0,0,0,1,0,1,0,1,0,0,0,1,0,0,0,0,0,1,0,0,1,0,0,1,1,0,1,1,1.5,2,1
16,4,4,1,1,0,5,3,4,1,2,1,4,0,0,1,0,1,0,1,0,0,0,1,0,0,0,0,1,1,0,0,0,0,1,0,1,1,0,1,4.0,3,0
16,4,3,1,3,0,5,3,5,1,1,3,2,0,0,1,0,1,0,1,0,0,0,0,0,0,0,0,0,1,0,1,1,0,0,1,1,1,0,1,3.5,2,1
16,4,4,1,1,0,4,5,5,5,5,4,12,0,1,1,0,1,0,0,1,0,0,0,1,0,0,1,0,1,0,1,1,0,1,1,1,1,0,1,4.0,10,1
16,4,4,1,3,0,4,4,3,1,1,4,0,0,1,1,0,1,0,0,1,0,0,0,0,1,0,1,0,0,0,0,1,0,1,1,1,1,1,1,4.0,2,1
15,4,4,1,1,0,5,3,3,1,1,5,2,0,1,1,0,1,0,0,1,0,0,1,0,0,0,0,0,1,0,0,1,1,1,0,1,1,0,1,4.0,2,1
15,3,2,2,2,0,4,3,5,1,1,2,16,0,0,1,0,1,0,0,1,0,0,1,0,0,1,0,0,1,0,1,1,0,0,1,1,1,0,1,2.5,2,1
15,3,4,1,2,0,5,4,4,1,1,1,0,0,1,1,0,0,0,0,1,0,0,1,0,0,0,0,0,1,0,0,1,0,1,1,1,1,0,1,3.5,2,1
15,3,3,1,4,0,4,3,3,1,1,4,10,0,0,1,0,0,0,1,0,0,1,0,0,0,0,0,1,0,0,1,0,0,0,1,1,0,0,1,3.0,2,1
15,2,2,1,4,0,5,1,2,1,1,3,4,0,0,1,0,1,0,1,0,0,0,1,0,0,0,0,0,1,0,1,1,0,0,1,1,1,0,1,2.0,2,1
16,3,3,1,3,0,5,3,3,1,1,5,4,0,1,1,0,1,0,0,1,0,0,1,0,0,1,0,0,0,0,0,1,0,1,1,1,1,0,1,3.0,2,1
15,4,4,4,4,0,1,3,5,3,5,1,8,0,1,0,0,1,0,1,0,0,0,1,0,0,1,0,0,0,0,0,1,0,1,1,1,1,1,1,4.0,8,1
16,4,4,1,3,0,5,4,5,1,1,4,2,0,0,1,1,1,1,0,0,0,1,0,0,0,0,1,0,1,0,0,1,0,1,1,1,1,1,1,4.0,2,1
15,4,4,1,1,0,5,5,3,1,1,4,4,0,1,1,1,0,0,0,0,1,0,0,0,1,0,0,0,1,0,0,0,0,1,1,1,1,0,1,4.0,2,0
16,3,3,1,3,0,4,1,2,1,1,2,4,0,0,0,0,1,0,0,1,0,0,1,0,0,0,0,1,0,0,1,1,0,1,1,1,1,0,1,3.0,2,1
16,2,2,1,2,1,3,1,2,1,1,5,12,0,0,1,0,1,0,0,0,0,0,1,0,0,1,0,0,1,0,1,0,0,1,1,1,1,0,1,2.0,2,1
15,4,2,1,1,0,3,5,2,1,1,3,10,0,1,1,1,1,0,0,0,1,0,1,0,0,0,0,0,1,0,0,0,0,0,1,1,1,0,1,3.0,2,0
15,2,1,1,2,0,5,4,2,1,1,5,4,0,1,0,0,1,1,0,0,0,0,0,1,0,0,0,1,1,0,0,0,0,1,1,1,1,1,1,1.5,2,0
16,4,4,1,2,0,5,4,4,1,2,5,6,0,1,1,0,1,0,0,0,1,0,0,0,1,0,0,0,0,0,0,1,0,1,1,1,1,0,1,4.0,3,1
15,4,4,2,2,0,4,4,3,1,1,2,4,0,1,1,0,1,0,1,0,0,0,0,0,1,0,0,1,0,0,0,1,0,1,1,1,0,0,1,4.0,2,1
16,3,3,2,1,0,5,4,2,1,1,5,6,0,1,1,0,1,0,1,0,0,0,0,1,0,1,0,0,0,0,0,0,0,1,1,1,1,0,1,3.0,2,0
17,1,3,3,2,1,5,2,4,1,4,5,14,0,1,0,0,1,0,1,0,0,0,1,0,0,0,0,0,0,0,0,1,0,1,1,1,1,0,1,2.0,5,1
15,3,4,1,1,0,3,4,3,1,2,4,2,0,1,1,0,1,0,1,0,0,0,1,0,0,0,0,1,0,0,0,0,0,0,1,1,1,0,1,3.5,3,0
15,1,2,1,2,0,3,2,3,1,2,1,0,0,0,1,0,1,0,0,0,0,0,0,1,0,0,0,0,1,0,0,0,0,0,0,1,1,0,1,1.5,3,0
15,2,2,1,4,0,5,5,4,1,2,5,6,0,1,1,0,1,0,0,1,0,0,0,1,0,1,0,0,0,0,0,1,0,1,1,1,1,0,1,2.0,3,1
16,2,4,2,2,0,4,2,2,1,2,5,2,0,0,1,1,1,0,1,0,0,1,0,0,0,0,0,0,0,0,0,1,0,1,1,1,1,1,1,3.0,3,1
16,4,4,1,1,0,3,4,4,1,4,5,4,0,1,1,0,1,1,0,0,0,0,1,0,0,0,0,0,1,0,0,1,0,1,1,1,1,0,1,4.0,5,1
16,2,2,1,2,0,5,4,4,1,1,5,0,0,0,1,0,1,0,1,0,0,0,1,0,0,1,0,0,1,0,0,0,0,0,1,1,1,1,1,2.0,2,0
15,3,4,1,1,0,5,5,5,3,2,5,2,0,1,1,0,1,0,0,1,0,0,0,1,0,1,0,0,0,0,1,0,0,0,1,1,1,0,1,3.5,5,1
15,3,4,1,2,0,5,3,2,1,1,1,0,0,0,1,1,0,0,1,0,0,0,1,0,0,1,0,0,1,0,1,0,0,1,1,1,1,1,1,3.5,2,1
19,0,1,1,2,2,3,4,2,1,1,5,0,0,0,1,0,1,0,0,0,0,0,1,0,0,0,0,0,0,1,0,1,0,0,0,0,0,0,1,0.5,2,1
16,4,4,1,1,0,3,5,5,2,5,4,8,0,1,0,0,1,0,0,0,1,0,0,0,1,0,0,0,1,0,0,0,0,1,1,1,1,0,1,4.0,7,0
16,2,3,2,3,0,3,2,3,2,2,1,4,0,1,1,0,1,0,1,0,0,0,1,0,0,0,0,0,1,0,0,1,0,0,0,1,1,1,1,2.5,4,1
15,3,4,2,3,0,4,2,2,2,2,5,0,0,0,0,0,1,0,0,1,0,0,0,0,1,0,0,0,0,0,0,1,0,0,1,1,1,1,1,3.5,4,1
18,2,1,1,2,3,5,4,5,1,3,5,10,0,0,1,0,1,0,0,1,0,0,1,0,0,0,0,1,1,0,0,1,0,1,1,0,1,1,1,1.5,4,1
17,2,1,3,1,0,3,2,2,1,2,5,8,0,0,1,1,0,0,1,0,0,0,1,0,0,0,0,0,1,0,0,1,0,0,1,1,1,0,1,1.5,3,1
15,1,1,3,1,0,4,3,3,1,2,4,6,0,0,1,0,1,0,0,0,0,0,1,0,0,0,0,0,1,0,0,1,0,1,0,1,1,1,1,1.0,3,1
17,2,2,1,1,0,3,4,4,1,3,5,2,0,0,1,1,1,0,1,0,0,0,1,0,0,0,0,0,0,0,0,1,0,0,1,1,1,1,1,2.0,4,1
16,3,4,1,1,0,3,2,1,1,4,5,12,0,0,1,0,0,0,0,1,0,0,1,0,0,0,0,0,0,0,0,0,0,0,1,1,1,0,1,3.5,5,0
16,2,1,4,1,0,3,2,1,1,1,2,4,0,1,1,0,1,0,0,0,0,0,1,0,0,0,0,0,1,0,0,0,0,0,1,1,0,0,1,1.5,2,0
16,2,2,1,1,1,5,3,4,1,1,5,12,0,0,1,0,0,0,1,0,0,0,1,0,0,1,0,0,1,0,0,0,0,0,1,1,0,0,1,2.0,2,0
15,3,4,4,2,0,5,3,3,1,1,5,2,0,1,0,0,1,0,0,0,0,0,0,0,1,0,0,0,1,0,0,1,0,0,1,1,0,1,1,3.5,2,1
15,4,4,1,3,0,4,3,3,1,1,5,4,0,0,1,0,1,0,0,1,0,0,0,0,0,0,0,0,1,0,0,1,0,1,1,1,1,1,1,4.0,2,1
17,3,4,3,2,0,5,4,5,2,4,5,2,0,1,0,0,1,0,0,0,0,0,1,0,0,0,0,0,1,0,0,0,0,0,1,1,0,0,1,3.5,6,0
16,1,1,4,2,0,5,1,3,1,1,3,0,0,0,0,0,1,0,0,0,0,0,1,0,0,0,0,0,1,0,0,1,0,0,1,1,0,0,1,1.0,2,1
18,3,1,2,1,0,3,3,4,4,5,4,2,0,1,1,1,1,0,0,1,0,0,0,1,0,0,0,0,1,0,0,0,0,1,1,1,1,1,1,2.0,9,0
18,3,2,1,3,0,4,3,3,5,1,5,10,0,0,1,0,0,0,1,0,0,0,0,1,0,0,0,0,0,1,0,1,0,1,0,1,1,1,1,2.5,6,1
16,1,1,2,1,0,3,3,3,1,2,1,8,0,0,0,0,1,0,1,0,0,0,0,1,0,0,0,1,1,0,0,1,0,1,1,1,0,1,1,1.0,3,1
16,3,3,2,1,0,4,3,2,1,1,5,4,0,0,1,0,0,0,1,0,0,0,1,0,0,0,0,0,0,1,0,1,0,1,0,1,1,1,1,3.0,2,1
16,1,1,1,2,2,4,4,4,1,3,5,0,0,1,1,1,1,0,0,1,0,0,1,0,0,0,0,0,1,0,0,0,0,0,1,1,0,1,1,1.0,4,0
15,4,4,2,1,0,4,3,2,1,1,5,6,0,0,1,0,1,0,0,0,1,0,0,0,1,0,0,0,1,0,0,0,0,1,1,1,1,0,1,4.0,2,0
15,1,1,3,1,1,5,5,5,1,1,1,2,0,0,0,0,1,0,1,0,0,0,1,0,0,0,0,0,1,0,0,0,0,1,1,1,1,1,1,1.0,2,0
15,4,3,2,4,0,2,2,2,1,1,3,6,0,1,1,0,1,0,0,0,1,0,0,1,0,0,0,0,0,0,1,1,0,0,1,1,1,0,1,3.5,2,1
15,3,3,1,2,0,1,3,2,2,3,1,24,0,0,1,0,0,0,0,1,0,0,0,1,0,1,0,0,1,0,0,0,0,0,0,1,0,1,1,3.0,5,0
16,4,4,1,3,0,5,3,3,1,3,5,0,0,1,1,0,1,0,0,1,0,0,0,1,0,0,0,0,1,0,0,1,0,1,1,1,1,0,1,4.0,4,1
16,2,2,2,1,0,2,3,3,2,2,2,4,0,1,1,1,1,0,0,1,0,0,0,1,0,0,0,1,0,0,0,1,0,1,1,1,1,0,1,2.0,4,1
15,4,4,1,3,0,4,2,2,1,1,5,2,0,0,1,0,1,0,0,0,1,0,0,1,0,0,0,0,1,0,0,1,0,1,1,1,1,0,1,4.0,2,1
16,1,1,1,1,0,3,4,4,3,3,1,4,0,0,1,1,1,0,0,0,0,0,0,0,0,0,0,0,1,0,0,0,0,0,1,1,1,0,1,1.0,6,0
17,2,1,1,1,0,5,4,5,1,2,5,22,0,1,1,0,1,0,1,0,0,0,1,0,0,1,0,0,1,0,0,1,0,0,1,1,1,0,1,1.5,3,1
15,1,1,1,2,0,4,4,2,1,2,5,0,0,0,1,0,1,0,1,0,0,0,0,1,0,0,0,0,0,0,0,1,0,0,1,1,1,0,1,1.0,3,1
15,2,1,2,1,0,4,4,2,1,1,5,0,0,0,1,1,0,0,0,0,0,0,1,0,0,1,0,0,1,0,0,1,0,1,1,0,1,1,1,1.5,2,1
15,3,2,1,2,1,3,3,2,1,1,3,2,0,0,1,0,1,1,0,0,0,0,0,1,0,1,0,0,0,0,0,1,0,0,1,1,1,0,1,2.5,2,1
15,1,2,1,2,0,4,3,2,1,1,5,6,0,0,1,0,1,0,0,0,0,0,1,0,0,0,0,0,1,0,0,1,0,0,0,1,1,0,1,1.5,2,1
15,1,2,1,2,0,2,3,4,2,4,1,6,0,0,1,0,1,0,0,0,0,0,0,1,0,0,0,0,0,0,0,0,0,0,0,1,0,1,1,1.5,6,0
16,4,4,1,1,0,3,3,2,2,1,5,16,0,1,1,0,1,0,0,0,1,0,0,0,1,0,0,0,1,0,0,1,0,0,1,0,1,1,1,4.0,3,1
15,2,1,4,1,0,4,5,5,2,5,5,0,0,1,1,1,0,0,0,1,0,0,1,0,0,0,0,0,1,0,0,0,0,0,1,1,1,0,1,1.5,7,0
18,1,1,1,1,2,2,3,5,2,5,4,0,0,1,1,1,1,0,1,0,0,0,1,0,0,0,0,0,1,0,0,0,0,0,1,0,1,1,1,1.0,7,0
16,2,1,1,1,1,4,4,4,3,5,5,6,0,1,1,1,1,0,0,0,0,0,1,0,0,0,0,0,1,0,0,0,0,1,1,1,0,1,1,1.5,8,0
15,3,3,2,3,0,4,2,1,2,3,3,2,0,0,0,0,1,0,0,1,0,0,0,1,0,0,0,1,0,1,0,1,1,1,1,1,1,1,1,3.0,5,1
19,3,2,1,1,0,4,5,4,1,1,4,6,0,1,1,0,1,0,0,1,0,0,0,0,0,1,0,0,1,0,0,1,0,0,1,0,1,1,1,2.5,2,1
17,4,4,1,1,0,4,2,1,1,1,4,0,0,0,1,0,1,0,1,0,0,0,0,0,1,0,0,0,1,0,1,1,0,0,1,1,0,1,1,4.0,2,1
15,2,3,1,2,0,4,4,4,1,1,1,0,0,1,0,0,1,0,0,0,0,0,0,1,0,0,0,0,1,0,1,0,1,1,1,1,0,0,1,2.5,2,1
17,1,2,1,1,3,2,2,2,3,3,5,14,0,1,0,1,1,0,1,0,0,0,1,0,0,0,0,1,1,0,0,0,0,0,1,1,0,0,1,1.5,6,0
18,1,1,3,1,3,5,2,5,1,5,4,6,0,0,0,0,1,0,0,0,0,0,1,0,0,0,0,0,1,0,0,1,0,1,0,1,0,0,1,1.0,6,1
16,2,2,3,1,0,4,2,2,1,2,3,4,0,1,0,0,1,0,0,0,0,0,1,0,0,0,0,0,1,0,0,0,0,0,0,1,0,0,1,2.0,3,0
16,3,3,1,2,1,4,5,5,4,4,5,0,0,1,1,0,1,0,1,0,0,0,0,1,0,0,0,0,0,0,0,1,0,0,1,1,1,1,1,3.0,8,1
16,1,2,2,1,2,4,4,5,3,5,5,0,0,1,1,1,1,1,0,0,0,0,0,1,0,0,0,0,1,0,0,0,0,0,0,1,1,0,1,1.5,8,0
17,2,1,2,1,1,3,3,2,2,2,5,8,0,1,0,1,1,0,0,0,0,0,1,0,0,0,0,0,1,0,0,0,1,1,1,0,1,1,1,1.5,4,1
17,3,2,2,2,2,4,4,4,1,4,3,4,0,1,0,0,1,0,1,0,0,0,1,0,0,0,0,0,1,0,1,1,0,0,1,1,1,1,1,2.5,5,1
15,1,2,2,1,0,4,4,4,2,4,5,2,0,1,1,1,1,0,1,0,0,0,1,0,0,0,0,0,1,0,0,0,0,1,1,1,0,0,1,1.5,6,0
16,1,3,1,1,1,5,3,3,1,4,2,2,0,1,1,0,1,0,0,0,0,0,0,1,0,0,0,0,0,0,0,0,0,0,1,0,1,0,1,2.0,5,0
17,1,1,4,2,0,5,3,5,1,5,5,0,0,1,0,1,1,0,1,0,0,0,0,1,0,0,0,0,1,0,0,0,0,1,1,0,0,1,1,1.0,6,0
17,3,2,2,1,3,4,5,2,1,1,2,10,0,1,1,0,1,0,0,1,0,0,0,1,0,0,0,0,1,0,0,1,0,1,0,0,0,0,1,2.5,2,1
16,2,2,1,2,0,4,3,5,2,4,4,0,0,1,1,0,1,0,1,0,0,0,1,0,0,0,0,0,0,0,0,0,0,0,1,0,1,0,1,2.0,6,0
16,4,2,1,2,0,4,2,3,1,1,3,0,0,0,1,0,1,1,0,0,0,0,0,1,0,1,0,0,0,0,0,0,0,0,1,1,1,1,1,3.0,2,0
16,2,2,1,2,0,5,1,5,1,1,4,0,0,0,1,0,1,0,1,0,0,0,1,0,0,1,0,0,1,0,0,1,0,0,0,1,1,0,1,2.0,2,1
16,4,4,1,2,0,4,4,2,1,1,3,0,0,0,1,0,1,1,0,0,0,1,0,0,0,0,0,1,1,0,0,1,0,0,1,1,1,1,1,4.0,2,1
16,3,4,3,1,1,3,4,5,2,4,2,4,0,1,1,0,1,0,1,0,0,0,1,0,0,0,0,0,0,0,0,1,0,1,0,1,1,0,1,3.5,6,1
16,1,0,2,2,0,4,3,2,1,1,3,0,0,1,1,0,1,0,1,0,0,0,1,0,0,0,0,1,1,0,0,1,0,1,1,1,1,1,1,0.5,2,1
17,4,4,1,2,0,4,4,4,1,3,5,0,0,1,1,1,1,0,0,0,1,0,1,0,0,0,0,1,1,0,0,1,0,1,1,1,1,0,1,4.0,4,1
16,1,3,1,2,0,4,3,5,1,1,3,0,0,0,1,0,1,0,0,0,0,0,0,1,0,1,0,0,1,0,0,0,0,1,0,1,1,1,1,2.0,2,0
16,3,3,2,2,0,4,4,5,1,1,4,0,0,0,1,1,1,0,1,0,0,0,1,0,0,0,0,1,1,0,0,1,0,1,1,1,1,0,1,3.0,2,1
17,4,3,2,2,0,4,4,4,4,4,4,0,0,1,1,1,1,0,0,0,1,0,1,0,0,0,0,0,1,0,0,0,0,1,1,1,1,0,1,3.5,8,0
16,2,2,2,2,0,3,4,4,1,4,5,0,0,0,1,0,1,0,0,1,0,0,1,0,0,0,0,1,1,0,0,0,0,1,0,1,1,0,1,2.0,5,0
17,3,3,1,2,0,4,3,4,1,4,4,4,0,1,1,0,1,0,1,0,0,0,1,0,0,0,0,1,0,0,0,0,0,1,0,1,1,0,1,3.0,5,0
16,4,2,1,1,0,4,3,3,3,4,3,8,0,1,0,0,1,0,0,0,1,0,0,1,0,0,1,0,1,0,0,1,0,1,1,1,1,1,1,3.0,7,1
17,4,3,1,2,0,5,2,3,1,1,2,4,0,1,1,0,1,0,1,0,0,0,1,0,0,0,0,0,1,0,0,1,1,1,1,1,1,1,1,3.5,2,1
16,4,3,1,2,0,3,4,3,2,3,3,4,0,1,1,0,1,0,0,0,1,0,1,0,0,1,0,0,1,0,0,1,1,1,1,1,1,0,1,3.5,5,1
16,3,3,1,2,0,4,2,3,1,2,3,0,0,1,1,0,1,0,0,1,0,0,1,0,0,1,0,0,1,0,0,0,0,1,1,1,1,1,1,3.0,3,0
17,2,4,1,2,0,5,4,2,2,3,5,0,0,0,1,0,1,0,0,1,0,0,0,1,0,0,0,1,0,0,0,1,0,1,1,1,0,0,1,3.0,5,1
17,3,3,1,2,0,5,3,3,2,3,1,32,0,0,1,1,1,0,1,0,0,0,1,0,0,0,0,1,1,0,0,1,0,1,1,1,1,1,1,3.0,5,1
16,3,2,1,2,0,1,2,2,1,2,1,8,0,0,1,0,1,0,1,0,0,0,1,0,0,0,0,1,1,0,0,1,0,0,1,1,1,0,1,2.5,3,1
17,3,3,1,2,0,4,3,4,2,3,4,6,0,1,1,0,1,0,0,1,0,0,0,1,0,0,1,0,1,0,0,1,0,1,1,1,1,1,1,3.0,5,1
16,1,2,1,1,0,3,3,3,1,2,3,0,0,1,1,0,1,0,0,1,0,0,0,1,0,0,1,0,1,0,0,1,0,1,1,1,1,1,1,1.5,3,1
16,2,1,1,2,0,4,2,3,1,2,5,0,0,1,1,1,1,0,1,0,0,0,1,0,0,0,0,0,1,0,0,0,0,1,1,1,1,1,1,1.5,3,0
17,3,3,1,2,0,3,3,3,1,3,3,10,0,0,1,0,0,1,0,0,0,0,1,0,0,0,0,1,1,0,0,1,0,0,0,1,1,1,1,3.0,4,1
17,1,2,1,2,0,3,1,3,1,5,3,6,0,1,0,0,1,0,0,0,0,0,1,0,0,1,0,0,1,0,0,0,0,0,1,1,0,0,1,1.5,6,0
16,2,3,1,2,0,4,3,3,1,1,2,6,0,0,1,0,1,0,0,1,0,0,0,1,0,0,0,0,1,0,0,0,0,0,1,1,1,0,1,2.5,2,0
17,1,1,1,2,0,5,3,3,1,1,3,0,0,0,1,0,1,0,0,0,0,0,0,1,0,0,0,0,1,0,0,0,0,1,1,1,1,0,1,1.0,2,0
17,1,2,2,2,0,4,4,4,4,5,5,16,0,1,1,0,1,0,0,0,0,0,0,1,0,0,1,0,0,1,0,0,0,1,0,1,1,0,1,1.5,9,0
16,3,3,1,1,0,4,3,2,3,4,5,0,0,1,0,0,1,0,0,1,0,0,0,1,0,0,0,1,1,0,0,1,0,1,1,1,1,0,1,3.0,7,1
16,2,3,2,1,0,5,3,3,1,1,3,0,0,1,1,0,1,0,1,0,0,0,1,0,0,1,0,0,0,0,0,0,0,0,1,1,1,0,1,2.5,2,0
17,2,4,1,2,0,4,3,2,1,1,5,8,0,0,1,1,1,0,0,1,0,0,0,1,0,0,0,0,0,0,0,0,0,1,1,1,1,1,1,3.0,2,0
17,4,4,1,1,0,5,2,3,1,2,5,4,0,1,1,0,1,0,0,1,0,0,0,0,1,1,0,0,1,0,0,0,0,0,1,1,1,0,1,4.0,3,0
16,3,3,3,1,0,3,3,4,3,5,3,16,0,1,0,1,1,0,0,0,1,0,1,0,0,1,0,0,0,0,0,1,0,1,1,1,1,0,1,3.0,8,1
17,4,4,2,1,1,4,2,4,2,3,2,30,0,0,1,0,1,0,0,1,0,0,0,0,1,1,0,0,1,0,0,1,0,0,1,1,1,0,1,4.0,5,1
16,4,4,1,2,0,4,5,2,1,2,3,0,0,0,1,1,1,0,0,0,1,0,0,0,1,0,0,1,1,0,0,1,0,0,1,1,1,0,1,4.0,3,1
16,4,3,1,2,0,4,3,5,1,5,2,2,0,0,1,0,1,1,0,0,0,0,1,0,0,1,0,0,1,0,0,1,0,1,1,1,1,0,1,3.5,6,1
16,2,3,1,2,0,4,4,3,1,3,4,4,0,0,1,0,1,0,1,0,0,0,1,0,0,0,0,1,1,0,1,1,0,1,1,1,0,0,1,2.5,4,1
17,1,1,1,2,0,4,4,4,1,3,1,0,0,0,1,0,1,0,1,0,0,0,1,0,0,0,0,0,1,0,0,1,0,0,0,1,0,0,1,1.0,4,1
17,2,2,1,1,0,5,3,2,1,2,3,21,0,0,0,0,1,0,1,0,0,0,1,0,0,0,0,1,1,0,0,1,0,0,1,1,1,0,1,2.0,3,1
16,2,2,2,4,0,5,3,5,1,1,5,6,0,0,0,0,1,0,0,1,0,0,0,1,0,0,0,1,1,0,0,1,0,1,0,1,1,0,1,2.0,2,1
17,3,4,1,3,1,4,4,3,3,4,5,14,0,0,1,0,1,0,0,0,0,0,0,1,0,1,0,0,1,0,0,1,1,0,1,1,1,1,1,3.5,7,1
16,3,1,1,2,0,2,3,3,2,2,4,2,0,0,1,0,0,0,0,1,0,0,1,0,0,0,0,0,1,0,0,1,0,0,1,1,1,0,1,2.0,4,1
16,4,3,1,2,0,1,3,2,1,1,1,4,0,0,1,0,1,0,0,0,1,0,1,0,0,0,1,0,1,0,0,0,0,1,1,1,1,1,1,3.5,2,0
16,1,1,2,1,0,4,3,2,1,4,5,2,0,0,1,0,1,0,0,0,0,0,1,0,0,1,0,0,1,0,0,1,0,0,1,1,0,0,1,1.0,5,1
17,4,3,2,3,0,4,4,2,1,1,4,0,0,0,0,0,1,0,0,0,1,0,1,0,0,0,0,1,1,0,0,1,0,1,1,1,1,1,1,3.5,2,1
19,3,3,1,4,0,4,3,3,1,2,3,4,0,0,1,0,1,0,1,0,0,0,1,0,0,0,0,1,0,1,0,1,0,1,1,1,1,0,1,3.0,3,1
17,4,4,1,2,0,5,3,5,4,5,3,15,0,1,1,1,1,0,0,1,0,0,1,0,0,1,0,0,1,0,0,1,0,0,1,1,1,1,1,4.0,9,1
16,2,2,1,2,0,3,3,4,1,1,4,0,0,0,1,0,0,0,1,0,0,0,1,0,0,0,0,1,1,0,1,1,0,0,1,1,1,0,1,2.0,2,1
18,2,2,1,2,0,4,4,4,2,4,5,10,0,1,1,0,1,0,0,1,0,0,1,0,0,1,0,0,1,0,0,1,0,1,1,1,1,0,1,2.0,6,1
17,4,4,1,1,0,5,2,1,1,2,3,6,0,0,0,1,1,0,0,1,0,0,1,0,0,0,1,0,1,0,0,1,0,0,1,1,0,0,1,4.0,3,1
17,3,2,2,2,0,4,4,4,1,3,1,2,0,0,1,1,1,0,1,0,0,0,1,0,0,0,0,1,1,0,0,0,0,0,1,1,1,0,1,2.5,4,0
17,4,3,1,2,0,3,4,5,2,4,1,16,0,0,1,0,1,0,1,0,0,0,1,0,0,0,0,1,1,0,0,0,0,0,1,1,1,1,1,3.5,6,0
18,3,3,1,2,0,3,2,4,2,4,4,10,0,1,1,1,1,0,0,1,0,1,0,0,0,1,0,0,0,0,0,1,0,0,1,1,1,0,1,3.0,6,1
17,2,3,2,1,0,3,3,3,1,4,3,4,0,0,1,0,1,0,0,0,0,0,1,0,0,1,0,0,0,0,0,1,0,0,1,1,0,0,1,2.5,5,1
17,2,2,1,3,0,4,3,3,1,1,4,0,0,0,1,0,1,0,0,0,0,0,0,0,0,0,0,0,1,0,0,1,0,1,1,1,1,0,1,2.0,2,1
17,2,1,2,2,0,4,2,5,1,2,5,0,0,0,0,0,1,0,0,0,0,0,0,1,0,0,0,1,1,0,0,1,0,1,1,1,1,0,1,1.5,3,1
17,1,1,1,3,0,4,3,4,1,1,5,12,0,0,1,0,1,0,0,0,0,0,1,0,0,0,0,1,1,0,0,1,0,1,1,1,0,1,1,1.0,2,1
16,2,3,1,2,0,2,3,1,1,1,3,0,0,0,1,0,1,0,0,1,0,0,0,0,1,0,1,0,1,0,1,0,0,0,1,1,1,0,1,2.5,2,1
18,2,2,2,2,3,3,3,3,5,5,4,9,0,1,1,0,1,0,1,0,0,0,1,0,0,1,0,0,1,0,0,1,1,0,1,1,1,0,1,2.0,10,1
16,4,4,1,3,0,5,3,2,1,1,5,4,0,0,1,0,1,0,0,0,1,0,0,1,0,1,0,0,1,0,0,1,0,1,0,1,1,0,1,4.0,2,1
18,3,1,1,2,0,5,3,3,1,1,4,4,0,0,0,0,1,0,1,0,0,0,1,0,0,0,0,1,1,0,0,0,0,1,1,1,1,1,1,2.0,2,0
17,3,2,1,2,0,5,3,4,1,3,3,2,0,0,1,0,1,0,1,0,0,0,1,0,0,0,0,0,1,0,0,0,0,1,0,1,1,0,1,2.5,4,0
17,2,3,1,2,0,5,3,3,1,3,3,0,0,1,1,1,1,0,0,1,0,0,0,1,0,0,0,1,0,0,0,1,0,0,0,1,1,0,1,2.5,4,1
18,2,1,4,2,0,4,3,2,4,5,3,2,0,1,1,1,1,0,0,0,0,0,1,0,0,0,0,0,1,0,1,1,0,1,1,1,1,1,1,1.5,9,1
17,2,1,2,3,0,3,2,3,1,2,3,0,0,0,1,0,0,0,1,0,0,0,1,0,0,0,0,0,1,0,0,0,0,1,1,1,1,1,1,1.5,3,0
17,4,3,1,2,0,3,2,3,1,2,3,0,0,0,1,1,1,1,0,0,0,0,1,0,0,0,0,1,0,0,0,0,0,1,1,1,1,1,1,3.5,3,0
17,2,2,2,2,0,4,5,2,1,1,1,0,0,1,0,0,1,0,1,0,0,0,1,0,0,0,0,0,0,0,0,1,0,1,1,1,1,0,1,2.0,2,1
17,4,4,1,2,0,4,5,5,1,3,2,0,0,1,1,0,1,0,0,0,1,0,0,0,1,0,0,1,1,0,1,1,0,1,1,1,1,1,1,4.0,4,1
16,4,4,1,2,0,4,2,4,2,4,1,0,0,1,1,0,1,1,0,0,0,0,1,0,0,0,0,1,0,0,0,1,0,1,1,1,1,0,1,4.0,6,1
16,1,1,2,2,0,3,4,2,1,1,5,2,0,1,1,1,1,0,1,0,0,0,1,0,0,1,0,0,1,0,0,1,0,0,1,1,1,0,1,1.0,2,1
16,3,2,2,3,0,5,3,3,1,3,2,0,0,1,1,0,1,0,0,0,0,0,1,0,0,0,0,1,1,0,0,0,0,1,1,1,1,1,1,2.5,4,0
17,2,2,1,2,0,4,4,2,5,5,4,0,0,1,1,1,1,0,1,0,0,0,1,0,0,1,0,0,0,0,0,0,0,1,0,1,1,1,1,2.0,10,0
16,2,1,1,1,0,4,5,2,1,1,5,4,0,0,1,0,1,0,1,0,0,0,1,0,0,1,0,0,1,0,0,0,0,0,1,1,1,1,1,1.5,2,0
16,4,1,1,2,0,5,3,3,1,2,5,0,0,0,1,0,0,0,1,0,0,0,1,0,0,1,0,0,1,0,0,0,0,1,1,1,1,1,1,2.5,3,0
18,2,4,2,2,1,4,3,3,1,1,3,18,0,0,1,1,0,0,0,1,0,0,1,0,0,0,0,0,1,0,0,1,0,0,1,1,1,0,1,3.0,2,1
18,2,2,1,2,1,5,3,1,1,1,5,16,0,0,1,1,1,0,0,0,0,0,0,1,0,0,0,0,1,0,0,1,0,0,0,1,1,1,1,2.0,2,1
18,3,3,2,1,1,4,1,1,1,1,3,14,0,0,1,0,1,0,1,0,0,0,1,0,0,0,0,0,1,0,0,0,0,0,1,0,1,0,1,3.0,2,0
18,2,2,1,1,1,4,4,3,2,2,1,26,0,1,1,0,1,0,1,0,0,0,0,0,0,0,0,0,0,1,0,1,0,1,0,0,1,1,1,2.0,4,1
17,4,4,1,1,0,4,2,1,1,2,5,6,0,1,1,0,1,0,0,0,1,0,0,0,1,0,0,0,1,0,0,1,0,1,0,1,1,0,1,4.0,3,1
17,3,2,1,2,0,5,4,2,1,1,3,4,0,0,1,0,1,0,1,0,0,0,1,0,0,0,0,0,0,0,0,0,0,1,1,1,0,0,1,2.5,2,0
17,1,1,1,3,0,4,3,2,1,2,4,10,0,0,1,1,1,0,0,0,0,0,0,0,0,0,0,0,1,0,0,1,0,1,1,1,1,1,1,1.0,3,1
16,1,2,1,1,0,5,3,5,1,2,5,4,0,0,1,0,1,0,1,0,0,0,1,0,0,0,0,0,1,0,0,0,0,0,1,0,1,0,1,1.5,3,0
17,2,1,3,2,0,2,1,1,1,1,3,2,0,0,0,0,1,0,0,0,0,0,0,1,0,0,0,0,1,0,0,0,0,1,1,1,0,0,1,1.5,2,0
17,1,4,4,1,1,5,5,4,1,1,5,14,0,0,0,1,0,0,1,0,0,0,1,0,0,0,0,0,0,1,0,1,0,0,1,1,1,0,1,2.5,2,1
18,2,2,1,2,0,5,5,4,3,5,2,16,0,1,1,0,1,0,1,0,0,0,0,1,0,0,0,1,0,0,0,0,0,0,1,0,1,0,1,2.0,8,0
17,2,2,1,1,1,3,1,2,1,1,1,8,0,0,1,1,0,0,1,0,0,0,1,0,0,1,0,0,1,0,0,1,0,0,0,0,1,0,1,2.0,2,1
17,1,1,2,3,0,4,3,3,1,3,5,4,0,0,0,1,1,0,0,0,0,0,1,0,0,0,0,0,1,0,0,0,0,1,1,1,1,0,1,1.0,4,0
17,4,2,1,2,0,4,3,2,1,1,4,4,0,0,1,1,0,0,0,0,1,0,1,0,0,0,0,0,1,0,0,1,0,1,1,1,0,0,1,3.0,2,1
17,4,3,2,2,0,2,5,5,1,4,5,8,0,1,1,1,1,1,0,0,0,0,1,0,0,0,0,0,1,0,0,0,0,1,1,1,1,1,1,3.5,5,0
17,4,4,2,2,0,3,3,3,2,3,4,0,0,1,0,1,0,0,0,0,1,0,1,0,0,0,0,0,1,0,0,1,0,0,1,1,1,0,1,4.0,5,1
16,4,3,1,1,0,5,4,5,1,1,3,7,0,1,1,1,1,0,0,0,1,0,1,0,0,0,0,0,1,0,0,0,0,1,0,1,1,0,1,3.5,2,0
16,4,4,1,1,0,5,3,2,1,2,5,4,0,1,1,0,1,0,0,1,0,0,0,1,0,0,0,0,1,0,0,0,1,1,1,1,1,0,1,4.0,3,1
17,4,4,1,2,0,5,3,1,1,4,5,2,0,0,1,0,1,0,0,0,1,0,0,1,0,0,0,0,1,0,0,1,1,0,1,1,1,1,1,4.0,5,1
17,1,1,2,3,0,4,3,3,1,1,1,2,0,1,0,0,1,0,1,0,0,0,1,0,0,1,0,0,0,0,0,0,0,0,0,1,1,1,1,1.0,2,0
17,3,3,2,3,0,4,2,2,2,3,5,10,0,0,1,0,1,0,0,1,0,0,1,0,0,1,0,0,1,0,0,1,0,0,1,1,1,1,1,3.0,5,1
17,1,1,1,2,0,4,3,2,1,1,4,10,0,0,1,0,1,0,0,0,0,0,1,0,0,0,0,0,1,0,1,0,0,0,0,1,0,1,1,1.0,2,1
18,2,1,2,3,0,4,4,4,1,1,3,10,0,0,1,0,1,0,1,0,0,0,1,0,0,0,0,0,0,1,0,1,0,0,0,1,1,1,1,1.5,2,1
16,2,1,3,1,0,4,3,3,1,1,4,7,0,1,1,0,1,0,1,0,0,0,1,0,0,0,0,0,1,0,0,0,0,0,1,1,1,0,1,1.5,2,0
17,1,1,1,2,0,4,3,4,1,2,5,4,0,0,1,0,1,0,1,0,0,0,0,1,0,0,0,0,0,0,0,1,0,0,1,1,0,0,1,1.0,3,1
17,2,3,2,1,0,5,2,2,1,1,2,2,0,1,1,0,1,0,1,0,0,0,1,0,0,0,0,0,0,0,0,0,0,0,1,1,1,0,1,2.5,2,0
22,3,1,1,1,3,5,4,5,5,5,1,12,0,1,1,0,1,0,0,1,0,0,0,1,0,0,1,0,1,0,0,0,0,0,0,0,1,1,1,2.0,10,0
18,3,3,1,2,0,4,3,3,1,3,5,8,0,1,0,1,1,0,1,0,0,0,0,1,0,0,0,0,1,0,0,1,0,0,1,1,1,1,1,3.0,4,1
16,0,2,1,1,0,4,3,2,2,4,5,0,0,1,1,0,1,0,1,0,0,0,1,0,0,0,1,0,1,0,0,0,0,0,0,1,1,0,1,1.0,6,0
18,3,2,2,1,0,4,4,5,2,4,5,8,0,1,1,0,1,0,0,1,0,0,1,0,0,0,0,0,1,0,0,0,0,0,1,0,1,0,1,2.5,6,0
16,3,3,3,2,1,5,3,3,1,3,2,4,0,1,1,0,1,0,0,0,0,0,1,0,0,0,0,1,0,1,1,1,0,0,0,1,1,0,1,3.0,4,1
18,2,1,1,1,2,3,2,5,2,5,5,4,0,1,1,0,1,0,0,1,0,0,0,1,0,0,1,0,1,0,0,0,0,0,0,0,1,0,1,1.5,7,0
16,2,1,2,1,0,3,3,2,1,3,3,2,0,1,0,0,1,0,1,0,0,0,1,0,0,0,0,0,1,0,0,0,0,1,0,1,0,0,1,1.5,4,0
17,2,1,1,1,0,4,4,2,2,4,5,0,0,1,0,0,1,0,1,0,0,0,1,0,0,0,0,0,1,0,0,0,0,0,0,1,1,0,1,1.5,6,0
17,1,1,2,1,1,4,4,4,1,2,5,0,0,1,1,1,1,1,0,0,0,0,1,0,0,0,0,0,1,0,0,1,0,1,1,1,1,0,1,1.0,3,1
18,2,1,1,2,0,4,3,4,1,3,5,2,0,0,1,1,0,0,1,0,0,0,1,0,0,0,0,0,1,0,0,1,0,0,0,1,1,1,1,1.5,4,1
17,4,2,1,4,0,4,2,3,1,1,4,2,0,0,1,1,1,0,0,0,1,0,0,1,0,0,0,1,1,0,0,1,0,1,1,1,1,0,1,3.0,2,1
19,2,2,1,2,0,4,3,3,1,1,5,0,0,0,1,0,1,0,0,1,0,0,0,1,0,1,0,0,1,0,0,1,0,0,1,1,1,0,1,2.0,2,1
18,2,1,3,2,1,4,4,5,4,4,5,4,0,1,1,1,1,0,0,1,0,0,1,0,0,0,0,0,1,0,0,0,0,1,0,0,1,0,1,1.5,8,0
17,4,2,1,3,0,4,3,4,1,3,5,2,0,0,0,0,1,0,1,0,0,0,1,0,0,0,0,0,1,0,0,1,0,1,1,1,1,0,1,3.0,4,1
18,1,1,1,3,0,4,4,3,2,3,3,4,0,0,1,1,1,0,1,0,0,0,0,0,0,1,0,0,1,0,0,1,0,0,0,1,0,0,1,1.0,5,1
18,2,2,1,2,0,3,2,3,1,1,5,4,0,0,0,0,1,0,1,0,0,0,1,0,0,1,0,0,1,0,1,0,0,0,1,1,0,0,1,2.0,2,1
19,4,3,1,2,0,4,3,1,1,1,1,4,0,1,1,1,0,0,0,1,0,0,0,0,0,0,0,1,1,0,0,1,0,0,1,1,1,0,1,3.5,2,1
18,2,1,1,2,0,5,2,4,1,2,4,2,0,1,1,0,1,0,1,0,0,0,1,0,0,1,0,0,1,0,0,0,0,1,1,1,1,0,1,1.5,3,0
17,2,2,2,1,0,5,2,2,1,1,4,0,0,1,0,0,1,0,1,0,0,0,0,1,0,0,1,0,1,0,0,0,0,0,0,0,0,0,1,2.0,2,0
17,2,2,1,4,0,3,4,1,1,1,2,2,0,0,1,1,1,0,0,1,0,0,0,1,0,0,0,0,0,0,0,0,0,1,1,1,1,1,1,2.0,2,0
20,2,1,2,2,0,1,2,3,1,2,2,8,0,0,0,0,1,0,1,0,0,0,1,0,0,0,0,0,0,1,0,1,1,1,1,0,1,1,1,1.5,3,1
18,4,3,1,2,0,3,1,2,1,3,2,2,0,0,1,0,1,0,0,1,0,0,1,0,0,1,0,0,0,0,0,1,0,0,1,1,1,1,1,3.5,4,1
18,4,3,1,2,0,4,3,2,1,1,3,2,0,1,1,0,1,0,0,0,1,0,1,0,0,0,0,0,1,0,0,1,0,0,0,1,1,0,1,3.5,2,1
18,3,2,1,3,0,5,3,2,1,1,3,2,0,1,0,0,1,0,1,0,0,0,1,0,0,0,0,0,1,0,0,0,0,1,0,1,0,0,1,2.5,2,0
17,3,3,1,3,0,3,2,3,1,1,4,2,0,0,1,0,1,0,1,0,0,0,1,0,0,1,0,0,1,0,0,0,0,1,0,1,0,0,1,3.0,2,0
18,2,2,1,3,0,4,3,3,1,1,3,0,0,0,1,0,1,0,0,0,0,0,0,1,0,1,0,0,1,0,0,1,0,1,1,1,1,1,1,2.0,2,1
17,2,2,2,1,0,4,4,4,2,3,4,8,0,1,1,0,1,0,1,0,0,0,1,0,0,1,0,0,0,0,0,0,0,0,1,0,1,0,1,2.0,5,0
18,3,4,2,2,0,4,2,5,3,4,1,6,0,1,0,1,0,0,1,0,0,0,1,0,0,0,0,1,1,0,0,1,0,1,1,1,1,0,1,3.5,7,1
17,3,1,1,2,0,5,4,4,3,4,5,0,0,1,1,0,1,0,0,1,0,0,1,0,0,0,1,0,1,0,0,0,0,1,1,1,1,1,1,2.0,7,0
18,4,4,2,2,0,4,3,4,2,2,4,8,0,0,0,0,1,0,0,0,1,0,1,0,0,0,0,1,1,0,0,0,0,1,1,1,1,0,1,4.0,4,0
18,4,2,1,2,0,5,4,5,1,3,5,4,0,1,1,0,1,1,0,0,0,0,1,0,0,0,0,1,0,0,0,1,0,1,1,1,1,1,1,3.0,4,1
18,2,1,2,2,0,4,3,5,1,2,3,12,0,0,0,0,1,0,1,0,0,0,1,0,0,0,0,1,1,0,0,1,0,0,1,0,1,1,1,1.5,3,1
19,3,3,1,2,0,4,3,5,3,3,5,16,0,0,1,0,1,0,1,0,0,0,0,1,0,1,0,0,0,1,0,1,0,1,1,1,1,0,1,3.0,6,1
18,2,3,1,4,0,4,5,5,1,3,2,10,0,0,1,0,1,0,1,0,0,0,0,1,0,0,0,1,0,0,0,1,0,1,1,1,1,1,1,2.5,4,1
18,1,1,2,2,0,4,4,3,1,1,3,2,0,0,1,1,1,0,1,0,0,0,1,0,0,1,0,0,1,0,0,1,0,0,0,1,0,0,1,1.0,2,1
17,1,2,1,2,0,3,5,2,2,2,1,2,0,1,0,0,1,0,0,0,0,0,0,0,0,1,0,0,1,0,0,1,0,1,0,1,0,1,1,1.5,4,1
18,2,1,1,2,0,4,2,5,1,2,1,8,0,0,1,0,1,0,1,0,0,0,1,0,0,1,0,0,1,0,0,1,0,0,1,1,1,1,1,1.5,3,1
17,2,4,2,2,0,4,3,3,1,1,1,6,0,0,1,0,1,0,0,0,0,1,0,0,0,0,0,1,1,0,0,1,0,0,1,1,1,1,1,3.0,2,1
17,2,2,2,2,0,4,4,4,2,3,5,6,0,0,1,1,1,0,0,1,0,0,1,0,0,0,0,0,1,0,1,1,0,0,1,1,1,1,1,2.0,5,1
18,3,2,2,2,0,4,1,1,1,1,5,15,0,0,0,0,0,0,1,0,0,0,0,1,0,1,0,0,1,0,0,0,0,0,0,0,1,1,1,2.5,2,0
18,4,4,2,1,0,3,2,4,1,4,3,6,0,1,1,0,1,0,0,0,1,0,0,1,0,1,0,0,1,0,0,0,0,1,1,1,1,0,1,4.0,5,0
18,4,4,1,2,1,2,4,4,1,1,4,2,0,0,1,0,1,1,0,0,0,1,0,0,0,0,0,1,0,0,1,1,0,1,1,1,1,1,1,4.0,2,1
17,2,2,3,3,0,4,2,3,1,1,1,8,0,0,1,0,1,0,1,0,0,0,0,1,0,0,0,1,0,0,0,1,0,0,1,1,1,1,1,2.0,2,1
19,3,2,1,2,1,3,3,3,4,3,3,0,0,0,0,0,1,0,0,1,0,0,0,1,0,0,0,1,0,0,1,1,0,0,1,0,1,0,1,2.5,7,1
18,4,3,2,1,0,4,2,3,1,2,1,0,0,1,1,1,1,0,0,0,1,0,0,1,0,0,0,0,1,0,0,0,0,1,1,1,1,0,1,3.5,3,0
18,1,2,2,1,0,3,4,4,2,4,4,10,0,1,1,0,1,0,0,0,0,0,1,0,0,1,0,0,0,1,0,0,0,0,0,0,1,0,1,1.5,6,0
17,4,1,2,1,0,4,5,4,2,4,5,22,0,1,1,1,0,0,0,1,0,0,1,0,0,1,0,0,1,0,0,0,0,1,1,1,1,1,1,2.5,6,0
17,3,2,1,1,0,4,4,4,3,4,3,18,0,1,1,1,0,0,0,0,1,0,0,1,0,1,0,0,1,0,0,0,0,0,1,1,1,0,1,2.5,7,0
18,1,1,2,4,0,5,2,2,1,1,3,2,0,0,0,1,1,0,0,0,0,0,1,0,0,0,0,1,1,0,0,1,0,1,1,1,0,0,1,1.0,2,1
18,1,1,2,2,0,5,4,4,1,1,4,0,0,0,1,0,1,0,1,0,0,0,1,0,0,1,0,0,1,0,1,0,0,1,1,1,1,0,1,1.0,2,1
17,2,2,1,2,0,5,4,5,1,2,5,12,0,0,1,0,1,0,1,0,0,0,1,0,0,0,0,0,1,0,0,1,0,0,0,1,1,0,1,2.0,3,1
18,2,1,2,2,0,4,3,1,1,1,5,10,0,0,1,0,1,0,1,0,0,0,1,0,0,0,0,1,1,0,0,0,0,1,1,1,1,1,1,1.5,2,0
17,1,1,1,2,0,4,3,3,1,2,4,0,0,1,1,0,1,0,1,0,0,0,1,0,0,0,0,1,0,0,0,0,0,0,0,1,1,0,1,1.0,3,0
18,2,2,1,3,0,4,3,3,1,2,2,0,0,0,1,0,1,0,0,0,0,0,0,0,0,0,1,0,1,0,0,1,0,0,1,1,1,0,1,2.0,3,1
17,1,1,1,3,0,4,3,3,1,1,3,0,0,0,1,0,1,0,0,1,0,0,0,0,1,0,0,1,1,0,0,1,0,0,1,1,1,0,1,1.0,2,1
18,2,1,1,3,0,4,2,4,1,3,2,0,0,1,1,0,1,0,0,1,0,0,0,1,0,0,0,1,1,0,0,0,0,1,1,1,1,0,1,1.5,4,0
18,4,4,1,2,0,5,4,3,1,1,2,0,0,1,1,1,0,0,0,0,1,0,0,0,1,0,0,1,1,0,0,1,0,1,1,1,1,0,1,4.0,2,1
18,4,2,1,2,0,4,3,2,1,4,5,2,0,1,1,0,1,0,0,0,1,0,1,0,0,1,0,0,1,0,0,1,0,1,1,1,1,1,1,3.0,5,1
17,4,3,1,3,0,4,2,2,1,2,3,0,0,0,1,0,1,1,0,0,0,0,0,1,0,0,0,1,1,0,0,1,0,0,1,1,1,0,1,3.5,3,1
17,3,1,2,4,0,3,1,2,1,1,3,0,0,0,0,1,1,0,0,1,0,0,1,0,0,0,0,1,1,0,0,1,0,0,1,1,0,0,1,2.0,2,1
18,3,2,2,3,0,5,4,2,1,1,4,0,0,1,0,1,1,0,0,1,0,0,1,0,0,0,0,1,1,0,0,1,0,1,1,1,1,0,1,2.5,2,1
17,3,3,1,1,0,4,4,3,1,3,5,0,0,1,1,0,1,1,0,0,0,0,1,0,0,1,0,0,1,0,0,1,0,0,1,1,1,0,1,3.0,4,1
19,4,4,2,2,0,2,3,4,2,3,2,2,0,0,1,0,1,1,0,0,0,0,1,0,0,0,0,1,0,1,0,1,0,1,1,1,1,0,1,4.0,5,1
18,4,3,2,2,0,4,4,5,1,2,2,0,0,0,1,1,1,0,1,0,0,0,1,0,0,1,0,0,0,1,0,1,0,0,1,1,1,1,1,3.5,3,1
18,4,3,1,4,0,4,3,3,1,1,3,0,0,0,1,0,1,0,1,0,0,0,1,0,0,0,0,1,0,0,0,1,0,0,1,1,1,0,1,3.5,2,1
18,4,4,1,1,0,1,4,2,2,2,1,0,0,1,1,1,1,0,0,0,1,0,0,0,1,1,0,0,1,0,0,1,0,0,1,1,1,1,1,4.0,4,1
18,4,4,1,2,0,4,2,4,1,1,4,0,0,0,1,1,0,1,0,0,0,0,1,0,0,1,0,0,1,0,0,1,1,0,1,1,1,1,1,4.0,2,1
17,4,4,2,1,0,4,1,1,2,2,5,0,0,1,1,1,1,0,1,0,0,0,0,0,1,1,0,0,0,0,0,0,0,0,1,1,1,0,1,4.0,4,0
17,4,4,2,3,0,5,3,4,1,1,5,0,0,0,0,0,1,0,0,1,0,0,0,1,0,0,0,1,1,0,0,1,0,1,1,1,1,0,1,4.0,2,1
17,4,2,2,3,0,4,3,3,1,1,3,0,0,0,1,0,1,0,1,0,0,0,1,0,0,0,0,1,1,0,0,1,0,0,1,1,1,0,1,3.0,2,1
17,3,2,1,4,0,5,2,2,1,2,5,0,0,0,1,0,1,1,0,0,0,1,0,0,0,0,0,1,0,0,0,1,0,1,0,1,1,0,1,2.5,3,1
19,2,1,2,3,1,4,3,1,1,1,5,0,0,1,0,1,1,0,0,0,0,0,0,1,0,0,0,0,1,0,0,0,0,1,1,1,1,1,1,1.5,2,0
20,3,2,1,1,2,5,5,3,1,1,5,0,0,1,1,0,0,0,0,1,0,0,1,0,0,0,0,0,0,1,0,0,0,1,1,1,0,0,1,2.5,2,0
19,3,3,1,2,0,4,5,3,1,2,5,0,0,1,0,0,1,0,1,0,0,0,0,1,0,0,0,1,0,0,0,0,0,1,1,1,0,1,1,3.0,3,0
18,1,4,1,2,0,3,4,4,1,2,5,2,0,0,1,0,1,0,1,0,0,0,0,0,1,1,0,0,1,0,1,1,0,0,0,1,0,1,1,2.5,3,1
18,2,1,2,2,0,5,3,3,1,2,1,2,0,0,1,0,1,0,0,1,0,0,1,0,0,0,0,0,1,0,0,1,0,1,1,1,1,0,1,1.5,3,1
17,2,3,2,2,0,4,2,1,1,1,3,2,0,0,1,0,1,0,1,0,0,0,1,0,0,0,0,0,0,0,0,0,0,1,1,1,1,1,1,2.5,2,0
17,4,4,1,1,0,4,4,4,1,1,5,2,0,0,0,0,1,0,0,0,1,0,0,0,1,0,0,0,1,0,0,0,0,1,1,1,1,0,1,4.0,2,0
18,4,3,1,3,0,4,3,4,1,1,5,2,0,0,1,0,1,0,1,0,0,0,1,0,0,0,0,0,1,0,0,1,0,1,1,1,1,1,1,3.5,2,1
18,4,3,2,1,0,3,2,4,1,4,1,8,0,0,1,1,1,1,0,0,0,0,0,1,0,0,0,0,1,0,0,1,0,0,1,1,1,0,1,3.5,5,1
17,3,4,1,3,0,4,3,4,2,5,5,2,0,0,0,0,1,0,0,0,0,0,0,1,0,0,0,0,0,0,0,1,0,1,0,1,1,0,1,3.5,7,1
18,3,3,1,2,0,4,1,4,1,1,3,8,0,0,1,0,1,0,0,0,0,0,1,0,0,0,0,0,0,0,0,1,0,0,1,1,1,0,1,3.0,2,1
19,4,2,2,2,0,5,4,4,1,1,1,9,0,1,1,0,1,1,0,0,0,0,1,0,0,0,0,0,1,0,0,1,0,1,1,1,1,1,1,3.0,2,1
18,4,4,1,2,0,4,4,4,3,3,5,0,0,0,1,0,1,0,0,0,1,0,1,0,0,0,0,0,1,0,0,1,0,0,1,1,1,0,1,4.0,6,1
18,3,4,1,1,0,5,4,4,1,1,1,4,0,0,1,0,1,0,1,0,0,0,1,0,0,0,0,0,1,0,0,1,0,1,1,1,1,1,1,3.5,2,1
17,4,4,1,1,0,5,3,4,1,2,5,2,0,0,1,0,1,1,0,0,0,1,0,0,0,0,0,0,1,0,0,0,0,1,1,1,1,0,1,4.0,3,0
17,4,3,1,2,0,5,2,2,1,2,5,14,0,0,1,0,0,0,0,1,0,0,0,1,0,0,0,0,1,0,0,1,0,0,1,1,1,1,1,3.5,3,1
17,3,3,1,2,0,5,3,3,1,1,5,0,0,0,1,1,0,0,0,1,0,0,1,0,0,1,0,0,1,0,1,1,0,0,1,1,1,0,1,3.0,2,1
17,2,1,1,2,0,4,2,3,2,2,2,2,0,0,1,1,1,0,1,0,0,0,1,0,0,1,0,0,0,0,0,0,0,1,1,1,1,0,1,1.5,4,0
18,4,4,1,1,0,4,2,5,3,4,5,2,0,1,1,1,1,0,1,0,0,0,1,0,0,0,0,1,0,0,0,1,0,0,1,1,1,0,1,4.0,7,1
19,1,1,3,3,0,1,5,5,4,3,5,12,0,0,1,0,1,0,1,0,0,0,1,0,0,0,0,0,0,1,0,0,0,1,1,0,0,1,1,1.0,7,0
19,1,1,3,2,2,5,3,4,1,1,4,2,0,0,1,1,0,0,1,0,0,0,1,0,0,0,0,0,0,1,0,1,0,0,0,1,1,1,1,1.0,2,1
18,2,2,1,1,0,4,3,5,2,4,5,2,0,0,1,0,1,0,1,0,0,0,1,0,0,0,0,0,1,0,0,1,0,1,1,1,1,1,1,2.0,6,1
17,2,2,1,2,0,4,2,2,1,1,3,4,0,0,1,0,1,0,1,0,0,0,1,0,0,0,0,0,1,0,0,1,0,0,1,1,0,1,1,2.0,2,1
17,2,2,1,3,0,3,3,2,2,2,3,0,0,0,0,1,1,0,0,1,0,0,0,1,0,0,0,0,1,0,0,1,0,1,1,1,1,0,1,2.0,4,1
17,3,1,1,3,0,3,4,3,2,3,5,0,0,0,1,0,1,0,0,1,0,0,0,1,0,0,0,0,0,0,0,1,0,0,0,1,1,0,1,2.0,5,1
17,0,2,2,3,0,3,3,3,2,3,2,0,0,0,1,1,1,0,0,0,0,0,0,0,0,1,0,0,0,0,0,0,0,0,1,1,1,0,1,1.0,5,0
18,1,1,2,3,0,4,5,5,1,2,2,0,0,0,1,0,1,0,1,0,0,0,1,0,0,1,0,0,1,0,0,0,0,1,1,1,1,0,1,1.0,3,0
18,4,4,1,3,0,4,3,3,2,2,3,0,0,1,1,0,1,0,1,0,0,0,1,0,0,0,0,0,1,0,0,0,0,1,1,1,1,0,1,4.0,4,0
17,3,3,1,1,0,4,3,5,3,5,5,0,0,1,1,0,1,0,1,0,0,0,0,1,0,0,0,1,1,0,0,0,0,1,0,1,1,0,1,3.0,8,0
17,2,2,4,1,0,4,4,5,5,5,4,2,0,1,0,0,1,0,0,1,0,0,1,0,0,0,0,0,1,0,0,1,0,0,1,1,1,0,1,2.0,10,1
17,4,4,1,3,0,5,4,4,1,3,4,0,0,0,1,0,1,0,0,0,1,0,0,1,0,0,0,0,1,0,0,1,0,1,1,1,1,0,1,4.0,4,1
17,4,4,2,3,0,4,3,3,1,2,4,4,0,0,1,0,1,0,0,0,1,0,0,0,1,0,0,0,1,0,0,1,0,0,0,1,1,1,1,4.0,3,1
17,3,3,1,1,0,4,2,5,2,5,5,2,0,0,1,0,1,0,0,0,0,0,1,0,0,0,0,0,1,0,0,1,1,1,1,1,1,0,1,3.0,7,1
18,2,2,1,4,0,4,5,5,2,4,5,0,0,1,1,1,1,0,1,0,0,0,1,0,0,0,0,0,1,0,0,1,1,1,1,1,1,0,1,2.0,6,1
19,3,2,1,1,0,5,3,4,2,2,5,0,0,1,0,0,1,0,0,0,0,0,0,1,0,1,0,0,0,1,0,1,0,0,0,1,0,1,1,2.5,4,1
18,2,2,4,2,0,4,2,5,1,1,2,2,0,0,1,0,1,0,0,0,0,0,1,0,0,0,0,0,1,0,0,0,0,1,1,1,0,1,1,2.0,2,0
17,2,4,1,3,0,4,4,3,1,1,5,0,0,0,0,0,1,0,0,0,0,0,1,0,0,0,0,0,0,0,0,1,0,0,1,1,1,1,1,3.0,2,1
18,2,2,1,1,0,5,4,2,1,2,5,6,0,1,1,0,1,0,1,0,0,0,1,0,0,0,0,1,1,0,0,0,0,0,0,1,1,0,1,2.0,3,0
18,3,3,1,2,0,5,3,4,1,1,4,8,0,0,1,0,1,0,0,1,0,0,0,1,0,1,0,0,1,0,0,0,0,1,1,1,1,0,1,3.0,2,0
18,2,2,1,2,0,4,3,3,1,1,2,0,0,0,1,1,1,0,1,0,0,0,1,0,0,1,0,0,0,1,0,0,0,1,0,1,1,1,1,2.0,2,0
18,2,2,2,4,0,4,4,4,1,1,4,6,0,0,0,0,1,0,0,0,0,0,1,0,0,0,0,0,1,0,0,0,0,1,1,1,0,0,1,2.0,2,0
17,3,4,1,3,0,4,4,5,1,3,5,8,0,0,1,0,1,0,0,1,0,0,1,0,0,0,0,0,1,0,0,0,0,0,1,1,1,0,1,3.5,4,0
17,3,2,1,2,0,4,3,2,2,3,2,0,0,0,1,0,1,0,1,0,0,0,1,0,0,1,0,0,1,0,0,1,0,0,1,1,1,1,1,2.5,5,1
18,3,3,1,4,0,5,3,3,1,1,1,4,0,0,1,1,1,0,0,1,0,0,0,1,0,1,0,0,1,0,0,1,0,0,1,1,1,0,1,3.0,2,1
17,3,2,1,2,0,4,3,3,2,3,2,0,0,0,0,0,0,0,1,0,0,0,1,0,0,1,0,0,1,0,0,1,0,0,1,1,1,0,1,2.5,5,1
18,4,4,1,2,0,4,3,3,2,2,2,0,0,1,1,0,1,0,0,0,1,0,0,1,0,1,0,0,0,0,0,1,0,1,1,1,1,0,1,4.0,4,1
18,3,4,1,2,0,4,3,3,1,3,5,6,0,1,1,1,1,0,0,1,0,0,1,0,0,1,0,0,1,0,0,0,0,1,1,1,1,1,1,3.5,4,0
17,2,2,1,2,0,3,3,1,1,2,4,18,0,0,1,0,0,0,0,0,0,0,0,0,0,1,0,0,0,0,0,1,0,0,1,1,1,1,1,2.0,3,1
18,2,3,1,3,0,4,3,3,1,2,3,0,0,0,1,0,1,0,0,0,0,0,1,0,0,0,0,0,1,0,0,1,0,0,1,1,1,0,1,2.5,3,1
18,3,2,1,3,0,5,4,3,2,3,1,4,0,0,1,0,1,0,1,0,0,0,0,1,0,0,1,0,1,0,0,0,0,0,1,1,1,1,1,2.5,5,0
18,4,3,1,3,0,5,3,2,1,2,4,4,0,1,0,0,1,0,0,0,1,0,0,1,0,0,0,0,1,0,0,0,0,0,1,1,1,1,1,3.5,3,0
18,4,3,1,3,0,5,4,5,2,3,5,0,0,1,1,0,1,0,0,0,1,0,1,0,0,0,0,0,1,0,0,1,0,0,1,1,1,1,1,3.5,5,1
17,4,3,1,3,0,4,4,3,1,3,4,0,0,0,1,0,1,1,0,0,0,0,1,0,0,0,0,1,1,0,0,1,0,1,1,1,1,1,1,3.5,4,1
17,2,1,2,2,0,4,3,4,2,2,1,10,0,0,1,0,1,0,0,1,0,0,1,0,0,0,0,0,1,0,0,1,0,1,1,1,1,1,1,1.5,4,1
17,2,1,1,2,0,4,3,5,2,4,4,4,0,0,1,0,1,0,0,1,0,0,1,0,0,0,0,1,1,0,0,1,0,1,1,1,1,0,1,1.5,6,1
19,2,3,2,1,1,2,2,3,3,4,5,16,0,0,1,1,0,0,0,0,0,0,1,0,0,1,0,0,0,1,0,0,0,0,1,0,1,0,1,2.5,7,0
17,3,1,1,1,1,4,1,2,1,1,3,6,0,0,1,0,1,0,1,0,0,0,0,0,0,1,0,0,1,0,0,1,1,0,1,1,1,1,1,2.0,2,1
21,4,4,1,3,2,3,3,2,1,1,5,0,0,0,1,1,1,0,1,0,0,0,1,0,0,0,0,1,0,1,0,0,1,1,1,1,1,0,1,4.0,2,1
18,2,2,1,2,0,4,4,4,1,3,3,11,0,1,1,1,1,0,0,1,0,0,0,1,0,0,0,1,1,0,0,1,0,1,0,0,1,0,1,2.0,4,1
18,3,4,1,2,0,4,3,5,1,4,2,9,0,1,1,1,0,0,1,0,0,0,1,0,0,0,0,1,0,1,0,0,0,1,1,1,1,1,1,3.5,5,0
17,2,2,1,2,0,4,3,4,1,3,4,0,0,0,1,0,1,0,0,1,0,0,0,1,0,0,0,1,1,0,0,1,0,1,1,1,1,0,1,2.0,4,1
17,4,4,1,3,0,4,4,2,1,2,4,2,0,1,1,1,0,1,0,0,0,0,1,0,0,0,0,1,1,0,0,1,0,0,1,1,1,0,1,4.0,3,1
18,4,2,1,2,0,4,2,2,1,1,3,0,0,0,1,1,1,0,0,0,1,0,1,0,0,0,0,0,1,0,0,1,0,1,1,1,1,0,1,3.0,2,1
21,1,1,2,2,2,5,3,3,5,2,4,21,0,1,0,1,1,0,0,0,0,0,1,0,0,0,0,0,0,1,0,1,0,1,1,0,1,1,1,1.0,7,1
20,1,1,2,3,0,3,2,2,1,3,3,8,0,0,0,0,1,0,1,0,0,0,1,0,0,0,0,1,0,1,0,0,0,0,1,1,1,1,1,1.0,4,0
19,4,4,1,1,1,3,2,5,4,4,5,5,0,0,1,0,1,0,0,0,1,0,1,0,0,1,0,0,0,1,0,1,0,0,1,1,1,1,1,4.0,8,1
17,3,2,1,2,0,4,4,4,1,2,5,10,0,1,1,1,0,0,1,0,0,0,1,0,0,0,0,1,1,0,0,1,0,0,1,1,1,0,1,2.5,3,1
18,3,2,1,3,0,4,3,4,1,2,2,5,0,0,1,0,1,0,0,0,0,0,1,0,0,0,0,1,0,0,0,1,0,0,1,1,1,1,1,2.5,3,1
18,2,3,1,1,0,3,1,3,4,5,4,13,0,1,0,0,1,0,1,0,0,0,0,1,0,0,0,1,0,0,0,0,0,0,1,1,1,0,1,2.5,9,0
19,2,1,1,1,0,5,3,4,1,4,4,10,0,1,1,0,1,0,1,0,0,0,1,0,0,0,0,1,1,0,0,0,0,0,1,1,1,0,1,1.5,5,0
18,2,2,2,2,0,4,1,4,1,3,4,10,0,0,1,1,0,0,0,1,0,0,1,0,0,0,0,1,1,0,0,1,0,0,1,1,1,0,1,2.0,4,1
20,1,0,2,1,1,5,3,1,1,1,5,5,0,0,1,0,1,0,1,0,0,0,1,0,0,0,0,1,1,0,1,0,0,0,1,1,1,1,1,0.5,2,1
18,3,2,1,2,0,3,1,2,1,2,1,4,0,0,1,0,1,0,0,1,0,0,1,0,0,1,0,0,1,0,0,1,0,1,0,1,1,1,1,2.5,3,1
16,1,3,2,1,0,4,3,3,1,3,5,11,1,0,1,0,1,0,0,0,0,0,1,0,0,0,1,0,0,0,0,1,0,0,1,0,1,1,1,2.0,4,1
16,2,2,2,2,0,4,4,4,1,1,5,0,1,0,0,0,1,0,1,0,0,0,1,0,0,0,0,0,1,0,0,1,0,1,1,1,1,0,1,2.0,2,1
15,1,1,1,1,1,4,1,3,1,1,2,6,1,0,0,0,1,0,0,0,0,0,0,1,0,0,1,0,1,0,0,1,0,0,1,1,0,1,1,1.0,2,1
15,3,3,2,1,0,5,4,4,2,3,5,4,1,0,0,0,1,0,0,0,0,0,1,0,0,0,0,0,1,0,0,1,0,0,1,1,1,0,1,3.0,5,1
16,2,3,2,2,0,4,5,2,1,2,5,0,1,0,0,0,1,0,0,0,0,0,0,1,0,0,0,0,1,0,0,0,0,0,1,1,0,0,1,2.5,3,0
15,2,1,2,1,0,1,3,4,1,1,1,0,1,0,0,1,1,0,0,0,0,0,1,0,0,1,0,0,1,0,0,0,0,0,1,0,0,0,1,1.5,2,0
16,4,4,1,2,0,5,3,2,1,3,2,5,1,1,0,1,0,0,0,0,0,0,1,0,0,1,0,0,1,0,0,1,0,0,1,1,0,0,1,4.0,4,1
16,1,2,1,3,0,4,4,3,1,1,5,0,1,1,1,0,0,0,1,0,0,0,1,0,0,0,1,0,1,0,1,0,0,0,1,1,1,0,1,1.5,2,1
17,3,2,1,2,1,4,5,4,1,2,5,0,1,0,0,0,1,0,0,0,0,0,1,0,0,0,0,0,0,0,0,0,0,0,1,1,0,1,1,2.5,3,0
17,1,1,1,1,1,5,4,4,2,2,5,0,1,0,0,0,1,0,1,0,0,0,1,0,0,0,1,0,0,0,0,1,0,0,0,0,1,0,1,1.0,4,1
15,4,4,2,1,0,1,5,1,3,5,5,0,1,0,0,0,1,0,0,0,1,0,1,0,0,0,0,0,1,0,0,0,0,0,1,1,1,1,1,4.0,8,0
16,2,2,2,4,0,1,2,1,1,1,1,4,1,0,1,1,0,0,0,0,0,0,1,0,0,0,0,1,1,0,0,0,0,1,0,0,0,1,1,2.0,2,0
15,1,1,2,2,0,5,4,3,1,2,4,0,1,0,0,1,1,0,0,0,0,0,0,1,0,0,0,1,0,0,0,1,0,0,1,1,1,0,1,1.0,3,1
15,1,1,2,1,1,4,4,3,1,2,2,4,1,0,0,1,1,0,1,0,0,0,0,1,0,0,0,0,1,0,0,1,0,0,1,1,1,1,1,1.0,3,1
16,0,2,2,1,0,3,2,3,1,2,2,0,1,0,0,0,1,0,1,0,0,0,1,0,0,0,1,0,1,0,0,1,0,1,1,1,0,0,1,1.0,3,1
17,2,3,2,1,0,5,5,5,1,3,3,2,1,0,0,0,1,0,1,0,0,0,1,0,0,0,0,0,1,0,0,1,0,0,1,1,1,0,1,2.5,4,1
15,3,3,2,1,0,4,1,3,1,1,4,0,1,0,0,0,1,0,1,0,0,0,0,1,0,0,0,0,0,0,0,0,0,0,0,1,1,0,1,3.0,2,0
16,1,1,2,2,0,5,4,5,4,5,3,0,1,1,1,0,1,0,0,0,0,0,0,1,0,1,0,0,1,0,0,1,0,1,1,1,0,1,1,1.0,9,1
17,1,1,1,2,0,4,4,3,2,4,5,4,1,1,1,0,1,0,1,0,0,0,1,0,0,1,0,0,1,0,0,0,1,0,0,1,1,0,1,1.0,6,1
15,4,1,1,2,0,5,3,4,1,2,2,0,1,1,0,1,1,1,0,0,0,0,0,1,0,0,0,1,0,0,0,1,0,1,1,1,1,0,1,2.5,3,1
15,4,1,1,2,0,5,3,4,1,2,2,7,1,1,0,1,1,1,0,0,0,0,0,1,0,0,0,1,0,0,0,1,0,1,1,1,1,0,1,2.5,3,1
16,3,4,3,2,0,3,4,5,1,2,5,4,1,1,0,0,1,0,1,0,0,1,0,0,0,0,1,0,1,0,0,0,0,0,0,1,0,0,1,3.5,3,0
15,1,1,4,2,0,5,4,5,2,4,4,8,1,1,0,0,1,0,1,0,0,0,1,0,0,0,0,0,1,0,0,1,0,1,1,1,0,1,1,1.0,6,1
15,3,3,1,2,0,5,3,3,1,1,5,0,1,1,1,1,1,0,0,0,0,0,0,0,0,0,0,1,0,0,0,1,0,1,1,1,1,0,1,3.0,2,1
17,2,1,3,1,0,5,5,5,5,5,3,8,1,1,0,0,1,0,1,0,0,0,1,0,0,0,1,0,1,0,0,0,0,1,1,0,0,1,1,1.5,10,0
16,4,4,2,3,0,4,2,2,1,1,4,6,1,0,0,0,1,0,0,0,1,0,0,0,1,0,0,0,1,0,0,0,0,1,1,1,1,1,1,4.0,2,0
15,1,2,2,1,0,5,1,2,1,1,1,3,1,0,0,0,1,0,1,0,0,0,0,1,0,0,0,0,1,0,0,0,0,0,1,1,0,0,1,1.5,2,0
16,2,3,3,2,0,4,5,4,1,2,1,2,1,0,0,0,1,0,1,0,0,0,0,1,0,0,0,0,1,0,0,1,0,0,1,1,1,0,1,2.5,3,1
16,1,2,2,2,0,4,3,3,1,1,5,0,1,1,0,0,1,0,1,0,0,0,1,0,0,0,0,0,0,0,0,0,0,0,1,1,0,0,1,1.5,2,0
16,2,2,3,2,0,4,4,5,1,1,4,4,1,0,0,0,1,0,1,0,0,0,1,0,0,0,0,0,1,0,0,1,0,0,1,1,1,0,1,2.0,2,1
16,1,2,1,3,1,1,3,2,1,2,4,0,1,0,1,0,1,0,1,0,0,0,0,1,0,0,0,0,1,0,0,1,0,0,1,1,0,0,1,1.5,3,1
16,1,2,1,3,1,1,3,2,1,2,4,3,1,0,1,0,1,0,1,0,0,0,0,1,0,0,0,0,1,0,0,1,0,0,1,1,0,0,1,1.5,3,1
15,2,1,1,2,0,4,4,2,3,3,2,0,1,0,1,0,1,0,0,0,0,0,1,0,0,1,0,0,1,0,1,1,0,0,0,1,1,0,1,1.5,6,1
16,1,1,1,2,0,5,4,3,2,1,2,0,1,0,1,0,1,0,0,0,0,0,1,0,0,0,0,0,0,0,0,1,0,0,0,1,0,1,1,1.0,3,1
17,1,2,1,1,0,5,5,5,5,5,3,4,1,1,0,1,1,0,0,0,0,0,0,1,0,0,0,1,1,0,0,1,0,1,1,1,1,0,1,1.5,10,1
16,1,1,4,4,0,4,3,2,1,1,1,0,1,0,0,0,1,0,1,0,0,0,1,0,0,1,0,0,0,0,0,1,0,0,0,1,1,0,1,1.0,2,1
16,1,1,4,3,0,4,4,3,1,1,5,2,1,0,0,0,1,0,0,0,0,0,1,0,0,0,1,0,0,0,1,1,0,0,1,1,0,0,1,1.0,2,1
15,1,1,2,2,0,4,3,3,1,1,2,1,1,0,0,0,1,0,0,0,0,0,1,0,0,1,0,0,0,0,0,1,0,1,1,1,1,0,1,1.0,2,1
16,1,1,2,1,0,4,2,2,4,3,2,0,1,0,0,0,1,0,0,0,0,0,1,0,0,0,1,0,1,0,0,0,0,1,1,1,1,1,1,1.0,7,0
15,1,1,3,2,0,4,2,1,1,2,2,0,1,0,0,0,1,0,0,0,0,0,0,0,0,0,0,0,0,0,0,1,0,0,1,1,0,0,1,1.0,3,1
15,2,2,1,3,0,4,4,3,2,2,5,2,1,0,0,1,1,0,1,0,0,0,1,0,0,0,1,0,0,0,1,1,0,0,1,1,0,0,1,2.0,4,1
16,1,1,2,1,0,3,4,4,3,4,5,6,1,1,0,0,1,0,0,0,0,0,1,0,0,0,1,0,0,0,0,0,0,1,1,1,0,0,1,1.0,7,0
18,1,2,1,2,1,3,4,4,2,3,5,9,1,0,1,0,1,0,1,0,0,0,1,0,0,0,0,0,0,0,0,1,0,1,1,1,1,1,1,1.5,5,1
15,3,1,2,1,0,3,2,3,1,3,4,0,1,1,1,0,1,0,1,0,0,0,0,1,0,1,0,0,1,0,0,1,0,0,1,1,0,0,1,2.0,4,1
16,2,2,3,2,0,5,3,4,1,1,2,1,1,0,0,0,1,0,1,0,0,0,0,1,0,0,0,0,0,0,0,1,0,1,1,1,1,0,1,2.0,2,1
15,2,2,3,1,0,4,3,3,1,2,4,1,1,1,1,0,1,1,0,0,0,0,1,0,0,0,0,1,1,0,0,0,0,0,1,1,0,0,1,2.0,3,0
16,4,4,1,2,0,4,3,1,1,1,3,0,1,1,1,0,1,0,1,0,0,0,0,0,1,0,0,0,0,0,0,1,0,1,1,1,0,1,1,4.0,2,1
15,3,3,1,2,0,4,5,4,1,1,1,4,1,0,0,0,1,0,0,1,0,0,1,0,0,0,0,1,1,0,0,1,0,0,1,1,1,1,1,3.0,2,1
16,2,2,2,2,1,4,4,4,2,3,5,2,1,0,0,0,1,0,0,0,0,0,1,0,0,0,0,0,1,0,0,1,0,1,0,1,0,0,1,2.0,5,1
16,2,2,3,1,0,4,3,2,1,1,4,0,1,0,0,1,1,0,1,0,0,0,1,0,0,1,0,0,0,0,0,1,0,1,1,1,0,1,1,2.0,2,1
16,2,1,2,1,0,2,4,3,2,3,4,4,1,1,1,1,1,0,0,0,0,0,0,1,0,0,0,0,1,0,0,1,0,1,1,1,1,0,1,1.5,5,1
15,1,3,3,1,0,4,2,4,3,5,3,2,1,1,0,1,1,0,0,0,0,0,1,0,0,0,0,1,0,0,0,1,0,1,1,1,1,0,1,2.0,8,1
15,2,2,2,3,0,5,3,2,1,1,4,0,1,0,1,0,1,0,1,0,0,0,0,1,0,0,0,0,1,0,0,1,0,1,1,1,0,0,1,2.0,2,1
16,2,1,1,1,0,5,4,3,1,1,5,2,1,0,0,1,1,0,1,0,0,0,1,0,0,1,0,0,1,0,0,1,0,0,1,1,1,1,1,1.5,2,1
15,3,3,2,1,0,4,3,3,2,4,3,11,1,1,1,0,1,0,0,1,0,0,0,1,0,0,0,0,0,0,0,1,0,1,0,1,1,0,1,3.0,6,1
16,1,1,2,2,3,3,4,3,1,1,1,0,1,0,0,0,1,0,0,0,0,0,1,0,0,0,0,0,0,0,1,1,0,0,1,1,0,0,1,1.0,2,1
17,2,2,1,1,0,4,5,3,1,1,5,4,1,0,1,0,1,0,1,0,0,0,0,0,0,0,0,0,1,0,0,1,0,1,1,0,0,0,1,2.0,2,1
19,2,3,1,1,1,4,4,4,1,1,2,0,1,0,1,0,1,0,0,0,0,0,0,1,0,0,0,0,0,1,0,0,0,0,1,0,1,1,1,2.5,2,0
17,2,1,3,1,0,5,5,3,1,1,3,2,1,0,0,0,1,0,0,0,0,0,1,0,0,0,0,0,1,0,0,1,0,1,1,0,0,1,1,1.5,2,1
15,1,1,2,1,0,5,2,1,1,3,4,0,1,0,0,1,1,0,0,0,0,0,1,0,0,0,0,0,1,0,0,1,0,0,1,0,0,1,1,1.0,4,1
16,2,2,3,2,0,3,4,5,1,2,1,1,1,0,0,0,1,0,1,0,0,0,1,0,0,0,0,0,0,0,0,1,0,0,1,0,1,0,1,2.0,3,1
16,2,2,1,1,0,4,3,4,1,2,1,6,1,0,1,1,0,0,1,0,0,0,1,0,0,1,0,0,1,0,0,1,0,0,1,0,0,0,1,2.0,3,1
17,2,2,2,2,0,4,3,5,1,2,4,0,1,0,0,0,1,0,0,0,0,0,1,0,0,0,0,0,1,0,0,1,0,0,1,1,1,0,1,2.0,3,1
16,2,2,1,1,1,4,4,3,1,4,3,1,1,0,1,0,1,0,1,0,0,0,0,1,0,0,0,0,0,0,0,1,1,1,0,1,1,0,1,2.0,5,1
18,3,2,2,3,2,3,3,2,1,1,2,6,1,0,0,1,0,0,1,0,0,0,1,0,0,0,0,0,0,1,0,1,0,0,0,0,0,1,1,2.5,2,1
19,1,1,1,3,1,5,3,1,1,1,3,6,1,0,1,0,1,0,0,0,0,0,0,1,0,0,0,0,1,0,0,0,0,1,1,0,0,1,1,1.0,2,0
18,1,1,2,1,1,4,4,3,3,4,4,0,1,1,0,0,1,0,1,0,0,0,1,0,0,1,0,0,1,0,0,0,0,1,1,0,1,0,1,1.0,7,0
18,1,1,2,1,1,3,2,3,1,1,2,4,1,0,0,0,1,0,0,0,0,0,0,0,0,0,0,0,1,0,0,0,0,0,0,0,1,1,1,1.0,2,0
19,1,1,2,2,1,1,1,4,4,1,1,12,1,0,1,0,1,0,1,0,0,0,1,0,0,0,0,0,0,1,0,1,0,0,1,1,1,1,1,1.0,5,1
16,2,2,1,2,0,3,3,2,1,1,3,2,1,0,0,0,0,1,0,0,0,0,1,0,0,0,0,0,1,0,0,0,0,0,0,1,0,1,1,2.0,2,0
17,0,1,2,1,0,2,4,4,3,5,5,5,1,0,1,0,1,0,1,0,0,0,0,0,0,0,0,0,0,0,0,0,0,1,0,1,0,0,1,0.5,8,0
16,1,2,1,2,0,4,4,5,1,3,3,0,1,0,0,1,1,0,0,0,0,0,1,0,0,0,0,0,1,0,0,0,0,1,1,0,1,0,1,1.5,4,0
16,3,3,1,1,0,4,5,4,1,1,4,0,1,0,1,0,1,0,1,0,0,0,1,0,0,0,0,1,1,0,0,0,0,1,1,0,1,1,1,3.0,2,0
16,1,1,1,1,0,4,4,4,2,2,4,2,1,0,0,1,1,0,0,1,0,0,0,1,0,1,0,0,1,0,0,1,0,1,1,1,1,1,1,1.0,4,1
17,3,3,2,4,1,5,4,5,3,4,5,0,1,1,1,0,1,0,0,1,0,0,0,0,0,0,0,0,1,0,0,1,1,1,1,1,0,0,1,3.0,7,1
16,2,1,1,2,0,5,3,3,1,1,1,0,1,0,1,0,1,0,1,0,0,0,0,1,0,0,0,0,1,0,0,1,0,1,1,1,1,0,1,1.5,2,1
16,2,2,1,1,0,4,2,5,1,2,5,0,1,0,1,0,1,0,0,1,0,0,1,0,0,0,0,0,1,0,0,1,1,1,1,1,0,1,1,2.0,3,1
17,1,2,1,1,1,5,3,5,5,5,1,12,1,1,1,0,1,0,1,0,0,0,1,0,0,0,0,0,0,0,0,1,0,1,1,0,1,1,1,1.5,10,1
16,4,3,1,1,0,4,2,5,1,5,5,8,1,1,1,1,1,0,1,0,0,0,1,0,0,0,0,0,0,0,0,0,0,1,1,1,1,0,1,3.5,6,0
17,2,2,3,4,1,1,3,5,3,5,3,2,1,1,0,1,1,0,0,1,0,0,0,1,0,0,1,0,1,0,0,1,0,0,1,1,0,0,1,2.0,8,1
16,1,1,1,4,0,2,2,1,1,1,5,0,1,0,1,0,1,0,1,0,0,0,1,0,0,0,0,0,0,1,1,1,0,1,1,1,1,0,1,1.0,2,1
19,2,2,1,3,0,5,4,5,1,1,1,0,1,0,1,1,1,0,1,0,0,0,1,0,0,1,0,0,1,0,0,0,0,0,1,1,1,1,1,2.0,2,0
17,1,1,2,1,0,4,4,5,1,2,5,0,1,0,0,0,1,0,0,0,0,0,1,0,0,0,0,1,1,0,0,1,0,1,0,1,1,1,1,1.0,3,1
20,3,3,2,2,1,3,3,4,2,4,3,8,1,0,1,0,1,0,0,0,0,0,0,1,0,0,1,0,1,0,0,0,0,1,1,1,1,1,1,3.0,6,0
17,1,1,1,3,0,4,3,3,1,1,3,0,1,0,1,1,1,0,1,0,0,0,0,1,0,0,0,0,0,0,0,1,0,0,1,1,0,1,1,1.0,2,1
17,2,2,3,1,1,4,4,5,1,2,5,0,1,1,0,0,1,0,1,0,0,0,1,0,0,0,0,0,1,0,0,1,0,0,0,1,1,0,1,2.0,3,1
16,1,1,3,2,0,5,3,2,1,1,1,0,1,0,0,1,1,0,0,0,0,0,1,0,0,0,0,0,0,0,0,1,0,0,1,1,0,0,1,1.0,2,1
17,2,2,2,2,0,5,3,2,1,1,1,0,1,0,0,0,1,0,1,0,0,0,1,0,0,0,0,1,1,0,0,1,0,1,1,1,0,0,1,2.0,2,1
17,1,0,2,2,0,4,4,5,1,1,4,1,1,0,1,0,0,0,1,0,0,0,1,0,0,0,1,0,1,0,0,0,0,0,1,1,1,1,1,0.5,2,0
18,1,1,1,2,1,4,3,2,1,1,5,9,1,0,0,0,1,0,0,0,0,0,1,0,0,0,1,0,1,0,0,1,0,0,1,1,1,1,1,1.0,2,1
16,3,1,1,1,0,3,1,3,1,3,1,0,1,0,1,0,1,0,1,0,0,0,1,0,0,0,0,0,1,0,0,0,0,1,1,1,1,0,1,2.0,4,0
16,3,2,1,1,0,3,1,3,1,4,3,2,1,0,1,0,1,0,0,1,0,0,0,0,0,0,0,0,1,0,0,0,0,0,1,1,1,0,1,2.5,5,0
18,1,1,2,2,0,2,3,5,1,4,3,8,1,0,1,1,1,0,1,0,0,0,0,0,0,0,0,1,1,0,1,0,0,0,1,1,0,0,1,1.0,5,1
16,4,4,1,2,0,4,3,3,2,3,2,0,1,0,0,0,1,1,0,0,0,0,0,0,1,0,0,1,0,0,0,0,0,1,0,1,1,1,1,4.0,5,0
16,1,2,2,1,0,5,4,5,1,4,2,0,1,0,0,1,1,0,1,0,0,0,1,0,0,0,0,1,1,0,0,0,0,1,1,1,1,0,1,1.5,5,0
18,2,4,1,2,1,2,3,2,1,3,1,8,1,0,1,0,0,0,1,0,0,0,0,1,0,0,0,1,0,0,0,1,0,0,1,1,1,0,1,3.0,4,1
16,2,1,2,2,0,5,2,1,1,1,2,0,1,1,0,0,1,0,1,0,0,0,0,1,0,0,0,1,1,0,0,0,0,1,1,1,1,0,1,1.5,2,0
16,1,1,3,2,0,4,3,2,1,3,5,6,1,0,1,1,1,0,0,0,0,0,1,0,0,0,1,0,1,0,0,1,0,0,1,1,1,0,1,1.0,4,1
16,2,3,2,2,0,3,3,3,1,1,2,0,1,0,0,0,1,0,0,0,0,0,0,1,0,0,1,0,1,0,0,1,0,1,1,1,1,0,1,2.5,2,1
16,4,4,1,2,0,4,3,4,1,2,3,4,1,0,1,0,1,1,0,0,0,1,0,0,0,0,0,0,1,0,0,1,0,0,1,1,1,1,1,4.0,3,1
18,4,4,1,4,0,5,5,5,5,5,5,2,1,1,1,1,1,0,0,0,0,1,0,0,0,1,0,0,1,0,0,1,0,1,1,0,1,1,1,4.0,10,1
16,3,4,3,2,0,4,2,1,1,1,2,2,1,0,0,1,1,0,0,0,0,0,1,0,0,0,1,0,1,0,0,1,0,0,0,1,0,0,1,3.5,2,1
17,4,4,1,3,0,4,4,3,1,2,5,0,1,1,1,1,1,0,1,0,0,0,0,1,0,1,0,0,1,0,0,1,0,0,1,1,1,0,1,4.0,3,1
17,4,1,1,1,0,4,2,3,1,2,5,1,1,0,0,0,1,0,1,0,0,0,1,0,0,0,1,0,1,0,0,0,0,0,1,1,1,1,1,2.5,3,0
16,2,2,4,3,0,5,1,3,2,2,3,0,1,1,1,1,1,0,0,1,0,0,0,1,0,0,1,0,1,0,0,0,0,0,1,1,0,0,1,2.0,4,0
17,2,2,1,1,0,5,1,3,1,2,5,5,1,0,0,0,1,0,0,0,0,0,1,0,0,0,1,0,1,0,0,1,1,0,1,1,1,0,1,2.0,3,1
16,4,4,2,1,0,5,1,3,1,2,5,1,1,0,1,1,1,0,0,1,0,0,0,1,0,0,1,0,0,0,0,1,0,0,1,1,0,0,1,4.0,3,1
17,3,3,1,1,0,4,1,4,5,5,3,8,1,1,1,0,1,0,0,1,0,0,0,1,0,1,0,0,1,0,0,1,0,1,1,1,1,0,1,3.0,10,1
17,1,1,3,2,0,5,1,3,3,3,1,0,1,1,1,0,1,0,0,0,0,0,0,1,0,0,1,0,1,0,0,0,0,0,1,1,1,1,1,1.0,6,0
16,2,1,2,2,0,4,2,2,1,4,5,2,1,1,1,0,1,1,0,0,0,0,0,1,0,0,1,0,1,0,0,0,0,0,0,1,1,1,1,1.5,5,0
16,2,1,1,2,0,3,2,2,1,1,3,0,1,0,1,1,1,0,1,0,0,0,0,1,0,0,1,0,1,0,0,0,0,0,1,1,1,1,1,1.5,2,0
16,4,4,1,1,0,4,1,2,2,5,5,0,1,1,1,1,1,0,0,0,1,1,0,0,0,0,1,0,0,0,0,1,0,0,1,1,1,0,1,4.0,7,1
15,1,2,3,2,0,5,5,5,1,3,5,11,1,1,0,0,1,0,1,0,0,0,0,1,0,0,0,0,1,0,0,1,0,1,1,1,0,0,1,1.5,4,1
15,2,2,3,4,0,5,4,5,2,3,5,8,1,1,1,1,0,0,1,0,0,0,1,0,0,0,0,1,1,0,0,1,0,1,1,1,0,0,1,2.0,5,1
15,2,1,1,1,0,4,3,3,1,2,5,11,1,1,1,1,0,0,0,1,0,0,0,1,0,0,0,0,1,0,0,0,0,1,1,1,1,0,1,1.5,3,0
16,2,2,1,3,0,4,3,3,2,2,5,2,1,0,0,1,1,0,1,0,0,0,1,0,0,0,0,0,1,0,0,1,0,0,0,1,0,1,1,2.0,4,1
16,4,1,2,2,0,1,2,4,2,2,1,8,1,0,1,1,1,0,1,0,0,0,1,0,0,1,0,0,1,0,0,1,0,1,1,1,1,0,1,2.5,4,1
17,3,2,2,1,0,4,3,3,2,2,1,5,1,0,1,0,1,0,0,0,0,0,1,0,0,1,0,0,1,0,0,0,0,0,1,1,0,1,1,2.5,4,0
17,2,2,2,2,0,5,1,3,1,1,5,0,1,0,0,0,1,0,1,0,0,0,1,0,0,0,1,0,1,0,1,0,1,0,1,1,0,0,1,2.0,2,1
16,4,4,2,3,0,5,3,5,1,4,5,1,1,0,1,0,1,0,0,0,1,0,0,1,0,0,0,0,1,0,0,1,0,0,1,1,1,1,1,4.0,5,1
17,4,4,3,1,3,3,3,3,1,3,5,2,1,1,0,0,1,1,0,0,0,0,1,0,0,0,0,0,0,0,0,0,0,1,1,1,1,1,1,4.0,4,0
17,1,3,2,1,0,5,1,2,3,3,5,2,1,1,0,1,1,0,1,0,0,0,1,0,0,0,0,0,0,0,0,0,0,1,1,1,0,1,1,2.0,6,0
17,3,4,1,2,1,5,4,4,3,4,5,8,1,1,1,0,1,0,0,1,0,0,1,0,0,0,1,0,1,0,0,1,0,1,0,1,1,1,1,3.5,7,1
17,4,4,1,2,0,5,2,5,1,1,5,0,1,0,1,0,1,1,0,0,0,1,0,0,0,0,0,0,0,0,0,1,0,0,1,1,1,0,1,4.0,2,1
16,4,1,1,1,0,4,1,2,2,1,2,0,1,1,0,1,1,0,1,0,0,0,0,0,0,0,1,0,0,0,0,0,0,0,1,1,1,0,1,2.5,3,0
17,1,1,1,2,0,4,5,5,1,2,3,2,1,0,1,0,0,0,0,0,0,0,0,0,0,0,1,0,1,0,0,0,0,1,1,1,1,1,1,1.0,3,0
17,4,2,2,2,0,4,3,3,2,3,5,0,1,0,0,0,1,0,1,0,0,0,1,0,0,0,0,0,1,0,1,1,0,0,0,1,1,0,1,3.0,5,1
16,2,2,2,2,0,4,1,2,2,2,5,0,1,1,1,1,0,0,1,0,0,0,0,1,0,0,0,0,0,0,0,1,0,0,0,1,1,1,1,2.0,4,1
17,3,2,2,2,0,4,1,2,2,2,1,0,1,1,1,0,1,0,1,0,0,0,1,0,0,0,1,0,0,0,0,1,1,0,1,1,1,0,1,2.5,4,1
19,1,1,1,2,2,4,4,3,3,4,4,2,1,1,1,0,1,0,1,0,0,0,1,0,0,0,1,0,1,0,0,1,0,1,1,0,1,0,1,1.0,7,1
17,1,0,1,1,0,4,1,2,1,1,5,4,1,1,1,1,0,0,1,0,0,0,1,0,0,1,0,0,1,0,0,0,0,0,1,1,0,1,1,0.5,2,0
17,1,1,2,1,0,3,5,5,2,2,4,3,1,0,0,0,1,0,0,0,0,0,0,0,0,0,0,0,0,0,0,1,0,1,1,0,1,1,1,1.0,4,1
16,1,2,1,3,0,4,3,4,1,1,3,5,1,0,0,0,1,0,1,0,0,0,1,0,0,1,0,0,0,0,1,1,0,0,0,1,1,1,1,1.5,2,1
16,1,2,1,1,0,4,4,4,2,4,5,4,1,1,0,1,1,0,1,0,0,0,0,0,0,0,0,0,1,0,0,0,0,0,1,1,0,0,1,1.5,6,0
17,3,1,2,2,3,5,4,4,1,1,5,2,1,0,0,0,1,0,1,0,0,0,1,0,0,0,0,0,1,0,0,1,0,1,0,1,1,1,1,2.0,2,1
17,2,2,2,1,0,5,5,5,3,5,5,0,1,1,0,0,1,0,1,0,0,0,1,0,0,0,0,0,1,0,0,0,0,1,1,0,0,1,1,2.0,8,0
18,1,0,3,1,1,4,3,2,1,1,4,0,1,1,0,0,1,0,0,0,0,0,0,0,0,0,0,0,0,1,1,1,0,0,1,1,0,0,1,0.5,2,1
17,1,1,2,1,0,4,5,5,1,3,2,0,1,1,0,0,1,0,1,0,0,0,0,1,0,0,0,0,1,0,0,1,0,1,0,1,1,1,1,1.0,4,1
18,1,1,2,2,0,4,3,3,1,4,5,6,1,1,1,1,1,0,0,0,0,0,0,0,0,0,0,0,1,0,0,1,0,1,1,1,0,0,1,1.0,5,1
16,2,2,1,2,0,5,4,3,1,1,1,0,1,0,0,1,1,0,1,0,0,0,0,1,0,0,0,0,0,0,0,0,0,1,1,1,0,1,1,2.0,2,0
17,2,2,1,1,1,1,2,1,2,3,5,0,1,1,1,0,1,0,1,0,0,0,1,0,0,0,0,0,1,0,0,0,0,1,1,1,0,1,1,2.0,5,0
16,3,2,2,1,0,4,5,5,2,3,5,2,1,1,0,0,1,0,0,1,0,0,1,0,0,0,0,0,0,0,0,0,0,0,1,1,1,0,1,2.5,5,0
16,1,1,2,1,0,4,5,5,2,4,5,0,1,1,0,1,1,0,0,0,0,0,1,0,0,0,0,0,1,0,0,0,0,1,1,1,1,0,1,1.0,6,0
18,1,1,2,1,1,5,3,3,2,3,5,2,1,1,0,0,1,0,0,1,0,0,1,0,0,0,0,0,0,1,0,1,0,0,1,0,1,1,1,1.0,5,1
18,3,2,1,1,1,2,3,1,2,2,5,0,1,1,0,0,1,0,0,1,0,0,1,0,0,0,0,0,1,0,0,0,0,0,1,0,1,0,1,2.5,4,0
19,3,2,2,1,3,3,2,1,1,1,3,4,1,1,1,0,1,0,0,0,0,0,0,1,0,0,0,0,1,0,0,0,0,1,1,1,0,0,1,2.5,2,0
18,3,3,1,2,2,4,4,5,1,3,3,9,1,1,1,0,1,0,0,0,0,0,0,0,0,0,0,0,1,0,0,1,0,1,1,0,1,0,1,3.0,4,1
16,2,2,2,1,0,5,4,3,2,4,4,6,1,1,0,0,1,0,0,1,0,0,0,1,0,0,0,0,1,0,0,1,0,1,1,1,1,1,1,2.0,6,1
19,2,1,2,1,3,4,4,3,1,3,5,4,1,1,1,0,1,0,0,0,0,0,1,0,0,0,0,0,0,1,0,0,0,1,0,0,1,1,1,1.5,4,0
16,3,2,2,2,2,2,5,5,1,1,1,8,1,0,1,0,0,0,0,1,0,0,0,0,0,0,0,0,1,0,0,1,0,1,1,1,0,1,1,2.5,2,1
17,1,1,1,1,0,4,3,2,1,2,5,9,1,0,1,0,1,0,1,0,0,0,0,0,0,0,0,0,1,0,0,1,0,1,1,1,0,0,1,1.0,3,1
20,1,1,2,1,1,4,4,3,2,4,4,12,1,1,0,0,1,0,1,0,0,0,1,0,0,0,0,0,0,1,0,1,0,0,1,0,1,1,1,1.0,6,1
18,4,3,1,1,0,5,4,4,3,4,2,8,1,0,0,0,0,0,0,1,0,0,0,1,0,0,0,0,1,0,0,1,0,0,1,1,1,0,1,3.5,7,1
18,3,2,2,1,0,2,5,5,5,5,5,8,1,1,0,0,1,0,1,0,0,0,1,0,0,0,0,0,1,0,0,1,0,0,0,1,1,0,1,2.5,10,1
19,1,1,3,2,1,5,4,4,3,3,2,8,1,1,0,0,1,0,1,0,0,0,0,1,0,1,0,0,0,1,0,0,0,0,1,1,1,0,1,1.0,6,0
17,3,3,2,2,1,4,5,4,2,3,3,4,1,1,1,0,1,1,0,0,0,0,1,0,0,0,0,0,1,0,0,1,0,0,1,1,1,0,1,3.0,5,1
18,1,3,1,1,0,4,3,3,2,3,3,0,1,1,1,1,1,0,0,0,0,0,0,1,0,0,0,0,1,0,0,0,0,0,1,0,1,1,1,2.0,5,0
19,1,1,3,1,1,4,4,4,3,3,5,4,1,1,0,0,1,0,1,0,0,0,1,0,0,1,0,0,0,1,0,1,0,0,1,1,1,0,1,1.0,6,1
18,1,2,2,2,2,4,3,3,1,1,5,2,1,0,1,0,0,0,0,0,0,0,1,0,0,0,0,0,1,0,0,1,0,0,1,1,0,0,1,1.5,2,1
19,1,1,1,1,0,1,4,4,1,1,5,0,1,0,1,1,0,0,0,0,0,0,1,0,0,0,0,0,1,0,0,1,0,0,1,0,0,0,1,1.0,2,1
18,2,2,2,1,1,5,5,5,1,1,3,0,1,0,0,0,1,0,1,0,0,0,1,0,0,0,1,0,1,0,0,0,0,0,1,0,1,1,1,2.0,2,0
17,0,0,2,1,0,4,4,3,1,1,5,0,1,0,0,0,1,0,0,0,0,0,1,0,0,0,0,0,1,0,0,1,0,0,1,1,1,0,1,0.0,2,1
17,3,1,2,3,0,4,2,3,2,2,3,5,1,0,0,1,0,0,1,0,0,0,0,0,0,0,0,0,0,1,0,1,1,0,1,0,0,0,1,2.0,4,1
17,4,2,1,2,0,5,5,5,1,3,5,0,1,0,1,0,1,0,0,0,1,0,0,1,0,1,0,0,1,0,1,1,0,1,1,1,1,0,1,3.0,4,1
18,2,2,1,2,1,2,3,3,1,2,4,3,1,0,0,1,1,0,0,1,0,0,0,1,0,0,0,0,1,0,0,1,0,1,1,1,1,0,1,2.0,3,1
17,4,1,1,1,0,3,2,2,1,1,5,0,1,0,1,0,1,1,0,0,0,0,0,0,0,0,0,0,1,0,0,1,0,0,1,1,0,1,1,2.5,2,1
17,1,2,1,1,0,5,5,1,1,1,3,0,1,0,1,1,1,0,0,0,0,0,1,0,0,0,0,0,0,0,0,0,0,0,1,1,1,0,1,1.5,2,0
18,1,1,3,2,2,3,4,4,2,2,5,3,1,0,1,0,1,0,1,0,0,0,1,0,0,0,0,0,1,0,0,0,0,1,1,1,0,1,1,1.0,4,0
18,2,2,2,2,0,4,3,5,1,1,1,2,1,0,1,0,1,0,0,1,0,0,0,0,0,0,0,1,0,0,0,0,0,1,0,1,1,0,1,2.0,2,0
17,3,3,2,1,0,4,4,3,1,1,4,0,1,0,1,0,1,0,0,1,0,0,0,1,0,0,0,0,1,0,0,1,0,0,1,1,1,0,1,3.0,2,1
18,1,2,2,2,0,4,4,3,1,2,4,0,1,0,1,1,0,0,0,0,0,0,1,0,0,0,0,1,1,0,0,0,0,0,1,1,1,0,1,1.5,3,0
18,4,4,2,2,0,4,3,5,1,2,1,0,1,0,1,0,1,0,0,0,1,0,0,0,1,0,0,1,1,0,0,0,0,1,0,1,1,0,1,4.0,3,0
18,4,4,1,1,0,5,4,5,1,1,5,3,1,1,1,1,1,0,0,1,0,0,1,0,0,0,0,1,1,0,0,1,0,1,1,1,1,0,1,4.0,2,1
17,4,2,2,2,0,4,3,3,1,2,4,0,1,0,1,0,1,0,1,0,0,0,1,0,0,0,0,0,1,0,0,1,0,0,1,1,1,0,1,3.0,3,1
18,2,2,3,2,1,4,3,3,1,1,4,0,1,0,0,0,1,0,0,0,0,0,1,0,0,0,0,0,1,0,0,0,0,1,1,1,0,1,1,2.0,2,0
18,1,2,2,1,0,4,1,4,5,5,1,8,1,1,1,1,1,0,0,0,0,0,0,1,0,1,0,0,1,0,0,1,0,0,0,1,0,0,1,1.5,10,1
18,4,4,3,1,0,2,5,5,1,1,1,5,1,1,0,0,1,0,0,0,0,0,0,1,0,0,1,0,1,0,0,1,1,1,1,1,1,1,1,4.0,2,1
17,1,1,3,1,0,4,2,3,3,4,4,4,1,1,0,0,1,0,1,0,0,0,0,1,0,0,1,0,0,0,0,0,0,0,0,0,0,0,1,1.0,7,0
18,2,2,2,2,0,1,3,1,1,1,2,4,1,0,1,0,1,0,1,0,0,0,1,0,0,0,0,0,1,0,0,1,0,0,0,1,1,1,1,2.0,2,1
18,2,2,2,3,0,5,4,5,1,4,3,0,1,0,1,1,1,0,0,1,0,0,0,1,0,0,0,0,0,0,0,0,0,0,1,1,1,1,1,2.0,5,0
18,4,2,1,2,0,5,3,1,1,1,5,0,1,0,0,1,0,0,0,0,1,0,1,0,0,0,0,1,1,0,0,0,0,1,1,1,1,1,1,3.0,2,0
18,1,1,3,2,1,4,4,2,1,2,2,2,1,0,1,0,1,0,0,0,0,0,0,1,0,0,0,0,1,0,0,0,0,0,1,0,0,0,1,1.0,3,0
19,1,1,2,1,1,5,5,5,2,3,2,0,1,0,1,0,1,0,0,0,0,0,0,1,0,0,1,0,0,0,0,0,0,0,1,0,0,0,1,1.0,5,0
17,4,2,2,4,0,4,2,3,3,1,5,0,1,0,1,0,1,0,0,0,1,0,1,0,0,0,0,0,0,0,0,0,0,0,1,1,1,1,1,3.0,4,0
17,2,1,2,2,0,5,3,3,1,2,2,5,1,0,0,1,0,0,0,1,0,0,1,0,0,0,0,1,1,0,0,0,0,1,1,1,1,1,1,1.5,3,0
18,1,1,1,2,0,5,2,3,1,2,3,2,1,0,1,1,0,0,0,0,0,0,0,1,0,0,0,0,1,0,0,0,0,0,1,1,0,1,1,1.0,3,0
18,1,2,2,2,0,4,1,1,1,1,4,0,1,0,1,0,1,0,0,0,0,0,0,0,0,0,0,0,0,0,0,1,0,0,1,0,0,0,1,1.5,2,1
19,1,1,2,2,3,3,5,4,1,4,1,0,1,0,0,0,0,0,0,0,0,0,0,0,0,0,0,0,0,1,0,1,0,1,1,0,0,1,1,1.0,5,1
18,2,2,2,3,0,4,2,1,1,1,4,5,1,0,0,0,1,0,0,1,0,0,1,0,0,1,0,0,1,0,0,0,0,0,1,1,1,1,1,2.0,2,0
17,4,3,2,2,1,4,5,5,1,3,2,4,1,1,0,0,1,0,0,1,0,0,1,0,0,1,0,0,1,0,0,1,1,1,0,1,1,1,1,3.5,4,1
18,3,3,1,2,0,5,3,4,1,1,5,0,1,0,1,0,1,0,0,1,0,0,0,1,0,0,0,0,0,0,0,1,0,0,1,1,0,1,1,3.0,2,1
17,4,4,2,2,0,4,3,3,1,2,5,2,1,0,0,0,1,0,0,0,1,0,0,1,0,0,1,0,0,0,0,1,1,1,1,1,1,0,1,4.0,3,1
17,3,2,2,2,0,1,2,3,1,2,5,0,1,0,1,1,0,0,0,1,0,0,1,0,0,0,0,1,1,0,0,0,0,0,1,1,0,1,1,2.5,3,0
18,1,1,2,1,0,3,3,2,1,2,3,2,1,1,1,1,1,0,1,0,0,0,0,1,0,1,0,0,0,0,0,0,0,0,0,1,1,1,1,1.0,3,0
18,1,1,2,3,0,5,3,2,1,1,4,0,1,0,1,1,1,0,0,0,0,0,0,1,0,0,0,0,0,0,0,0,0,0,1,1,1,0,1,1.0,2,0
18,1,2,3,2,0,4,3,4,1,4,5,0,1,0,0,1,0,0,0,0,0,0,1,0,0,0,0,0,1,0,0,0,0,0,1,1,0,1,1,1.5,5,0
18,3,3,2,2,0,4,3,2,1,3,3,6,1,0,1,0,1,0,0,1,0,0,0,1,0,0,1,0,1,0,0,1,0,0,1,1,1,1,1,3.0,4,1
17,4,4,1,2,0,2,3,4,1,1,1,4,1,0,1,1,1,0,0,0,0,0,0,0,0,0,0,0,1,0,0,1,0,1,1,1,1,1,1,4.0,2,1
17,1,2,2,2,0,3,2,2,1,2,3,0,1,0,0,0,1,0,1,0,0,0,0,1,0,0,0,0,0,0,0,0,0,0,0,1,0,0,1,1.5,3,0
18,1,3,2,2,0,3,3,4,2,4,3,0,1,1,0,0,1,0,0,0,0,0,1,0,0,0,0,0,1,0,0,1,1,0,1,1,0,0,1,2.0,6,1
18,4,4,2,3,0,4,2,2,2,2,5,0,1,1,1,1,1,0,0,0,1,0,0,1,0,0,1,0,1,0,0,0,0,0,1,1,1,1,1,4.0,4,0
17,1,1,3,1,1,5,2,1,1,2,1,0,1,0,0,0,1,0,1,0,0,0,0,1,0,0,0,1,1,0,0,1,0,0,1,1,1,1,1,1.0,3,1
18,2,3,2,1,0,5,2,3,1,2,4,0,1,0,1,0,1,0,0,0,0,0,0,1,0,0,0,0,0,0,0,1,0,0,1,1,1,1,1,2.5,3,1
18,4,4,3,2,0,3,2,2,4,2,5,0,1,0,0,0,1,0,1,0,0,0,0,0,1,0,1,0,0,0,0,1,0,0,0,1,1,1,1,4.0,6,1
18,1,2,3,1,0,4,3,3,2,3,3,3,1,1,0,1,1,0,0,0,0,0,0,1,0,0,1,0,0,0,0,1,0,1,1,0,1,1,1,1.5,5,1
17,2,2,1,3,0,3,4,3,1,1,3,8,1,0,1,0,1,0,1,0,0,0,0,0,0,1,0,0,1,0,0,0,0,1,1,1,0,1,1,2.0,2,0
17,1,2,1,1,0,3,5,5,1,3,1,4,1,0,0,0,1,0,1,0,0,0,1,0,0,0,0,0,1,0,0,0,0,1,1,1,1,0,1,1.5,4,0
18,4,4,2,3,0,5,4,4,1,1,1,0,1,0,0,1,1,0,1,0,0,0,1,0,0,0,0,1,1,0,0,0,0,0,1,1,1,0,1,4.0,2,0
18,1,1,4,3,0,4,3,2,1,2,4,4,1,0,0,0,1,0,1,0,0,0,1,0,0,1,0,0,1,0,0,0,0,0,1,1,1,0,1,1.0,3,0
19,1,1,2,2,1,4,3,3,1,1,3,4,1,0,0,0,1,0,0,0,0,0,1,0,0,0,0,0,0,1,0,1,0,0,1,1,1,1,1,1.0,2,1
18,4,4,1,2,0,5,4,3,3,4,2,1,1,0,0,1,1,0,0,0,1,0,0,1,0,0,0,0,1,0,0,0,0,1,1,1,1,0,1,4.0,7,0
18,3,3,1,2,0,4,1,3,1,2,1,1,1,0,1,0,1,0,1,0,0,0,1,0,0,1,0,0,1,0,0,0,0,0,1,1,1,1,1,3.0,3,0
17,3,1,1,2,0,4,5,4,2,3,1,10,1,0,0,0,1,0,0,0,0,0,1,0,0,0,0,1,1,0,0,1,0,1,0,1,1,0,1,2.0,5,1
18,4,4,1,2,0,3,2,4,1,4,2,4,1,1,1,0,1,0,0,0,1,0,0,0,1,1,0,0,0,0,0,0,0,1,0,1,1,0,1,4.0,5,0
18,2,1,2,1,0,4,4,3,1,3,5,0,1,1,0,0,1,0,1,0,0,0,1,0,0,0,1,0,1,0,0,0,0,1,0,1,1,1,1,1.5,4,0
17,2,3,2,2,0,4,4,3,1,1,3,4,1,1,1,0,1,0,1,0,0,0,0,1,0,1,0,0,0,0,0,0,0,1,1,1,1,0,1,2.5,2,0
19,1,1,2,1,1,4,3,2,1,3,5,0,1,1,0,0,1,0,1,0,0,0,0,1,0,0,1,0,1,0,0,0,0,0,1,1,0,0,1,1.0,4,0
18,4,2,2,1,1,5,4,3,4,3,3,0,1,1,0,0,1,0,1,0,0,0,1,0,0,1,0,0,0,0,0,0,1,0,1,1,0,0,1,3.0,7,1
18,2,2,2,3,0,5,3,3,1,3,4,0,1,0,0,0,1,0,0,0,0,0,1,0,0,0,1,0,1,0,0,0,0,0,1,1,0,0,1,2.0,4,0
17,4,3,2,2,0,5,5,4,1,1,1,0,1,0,1,0,1,0,0,0,1,0,1,0,0,0,1,0,1,0,0,0,0,0,1,1,1,0,1,3.5,2,0
18,4,4,3,1,0,4,4,3,2,2,5,4,1,0,0,0,1,0,0,0,1,0,0,0,0,0,0,1,1,0,0,1,0,1,1,1,1,1,1,4.0,4,1
19,2,3,1,3,1,5,4,2,1,2,5,4,1,0,0,0,1,0,0,1,0,0,1,0,0,0,0,0,1,0,0,0,0,1,0,1,1,0,1,2.5,3,0
18,3,1,1,2,0,4,3,4,1,1,1,4,1,0,1,1,1,0,0,0,1,0,0,1,0,0,0,0,1,0,0,1,0,0,1,1,1,0,1,2.0,2,1
18,1,1,2,2,0,1,1,1,1,1,5,6,1,0,1,0,1,0,1,0,0,0,1,0,0,0,0,0,1,0,0,0,0,1,1,1,0,0,1,1.0,2,0
17,3,1,2,1,0,2,4,5,3,4,2,6,1,1,1,1,1,0,0,1,0,0,0,1,0,0,0,0,1,0,0,0,0,0,0,1,1,0,1,2.0,7,0
18,3,2,3,1,0,4,4,1,3,4,5,4,1,1,0,1,1,0,0,1,0,0,1,0,0,0,0,0,1,0,0,0,0,0,0,1,1,0,1,2.5,7,0
